Үнэ,Талбай,Давхар,Ашиглалтын он,Дүүрэг
106110000.0,79.3,10,2023,1
64670000.0,49.0,11,2019,0
69250000.0,46.6,16,1997,5
119850000.0,70.3,13,2004,3
151300000.0,79.8,4,2016,3
61670000.0,62.7,1,1994,2
45170000.0,38.8,11,1985,1
46780000.0,37.5,9,1996,0
49020000.0,36.3,15,2008,4
33620000.0,30.2,10,1990,1
90270000.0,64.0,9,1998,5
93940000.0,82.3,5,2021,2
69370000.0,61.8,2,1988,0
30620000.0,25.0,15,1987,0
68490000.0,58.6,14,2001,0
68020000.0,59.1,3,1985,0
140700000.0,99.7,12,1986,5
44380000.0,35.8,6,1992,1
50050000.0,55.0,7,1989,2
171620000.0,92.7,14,2017,3
99800000.0,70.1,14,1989,5
131560000.0,72.1,4,2005,3
93090000.0,64.1,5,2013,4
69990000.0,67.9,14,2010,2
112250000.0,76.0,15,2011,0
69810000.0,47.4,2,1999,5
1247310000.0,77.8,14,2020,3
41080000.0,37.3,8,1987,0
84880000.0,67.9,10,1989,5
122840000.0,65.2,2,2019,3
83210000.0,50.9,11,1987,3
81240000.0,61.6,11,1992,4
55610000.0,50.8,11,1991,1
62970000.0,42.7,13,1986,5
46690000.0,55.6,16,1989,2
46780000.0,42.1,14,2007,1
73000000.0,67.8,12,2011,2
45340000.0,41.3,16,1988,0
119710000.0,74.8,11,2022,4
52120000.0,40.7,11,1988,5
66620000.0,51.8,9,2012,1
69040000.0,50.8,13,2017,0
112840000.0,85.9,2,2005,0
118230000.0,67.9,9,2004,3
65940000.0,58.2,7,1989,1
64780000.0,71.0,15,1994,2
48700000.0,25.0,2,2019,3
60890000.0,61.2,11,1998,2
112710000.0,98.0,3,1986,0
91140000.0,64.4,15,2014,0
81580000.0,63.2,14,2012,0
101630000.0,71.9,4,1987,4
128480000.0,78.1,14,1987,3
44340000.0,26.0,8,1989,3
45880000.0,31.7,16,1987,3
73490000.0,65.8,12,2009,1
74110000.0,49.1,1,1990,5
107430000.0,85.6,4,2009,1
64480000.0,56.3,7,1992,0
43110000.0,27.2,4,2023,0
39950000.0,39.2,3,2014,2
29470000.0,25.0,16,1999,0
100990000.0,57.8,14,2002,3
51470000.0,58.6,7,1987,2
85030000.0,54.4,4,1987,3
125570000.0,81.4,3,2006,4
79680000.0,83.6,15,1985,2
110150000.0,58.9,6,2010,3
34310000.0,25.0,1,2000,1
116920000.0,73.1,7,1990,3
83890000.0,72.0,8,2006,0
96780000.0,67.6,10,2007,4
148320000.0,79.7,6,2014,3
40470000.0,41.0,15,1992,1
125850000.0,98.2,11,2006,0
84490000.0,44.7,16,2018,3
111720000.0,75.5,6,1995,4
47770000.0,31.6,11,2018,4
70440000.0,45.3,6,2013,5
112960000.0,89.3,12,2002,0
66780000.0,57.3,12,2020,2
146370000.0,77.1,6,2023,3
80540000.0,66.3,16,1994,1
82090000.0,60.1,14,2024,0
119850000.0,86.5,15,1985,5
70130000.0,57.7,4,1990,0
31260000.0,29.9,12,1986,1
71450000.0,47.5,2,1999,4
101640000.0,71.9,2,2022,0
94060000.0,69.1,16,2009,0
,33.8,3,2009,3
58870000.0,49.0,14,1988,0
51860000.0,51.5,7,2005,2
91230000.0,55.4,5,2000,3
43980000.0,37.2,2,2004,2
73620000.0,50.7,11,1995,4
63680000.0,48.9,12,1993,4
107910000.0,75.9,8,2023,0
110170000.0,76.6,13,2007,5
68830000.0,59.4,6,2001,1
67740000.0,54.9,9,1987,0
100150000.0,64.5,5,2015,4
60740000.0,47.3,10,2003,0
37230000.0,41.4,3,2000,1
58390000.0,45.1,8,2011,0
61290000.0,50.6,9,1990,0
55080000.0,41.1,9,2006,0
111680000.0,64.9,8,2019,5
128340000.0,75.1,11,2003,3
37750000.0,33.4,9,1985,0
81790000.0,62.5,5,1994,4
66680000.0,58.0,4,1987,0
100210000.0,68.1,11,2005,5
96610000.0,61.8,16,1999,3
46550000.0,35.8,13,1990,5
69050000.0,39.3,11,2012,5
70070000.0,62.5,15,1992,1
95690000.0,80.5,15,1998,1
38750000.0,25.0,9,2024,4
68240000.0,68.2,2,1987,1
140210000.0,83.4,11,1994,3
64290000.0,59.2,10,1997,0
108910000.0,71.9,5,2005,5
0.0,49.3,14,1994,3
70290000.0,59.9,14,2023,2
42360000.0,32.8,6,1985,5
26020000.0,25.0,8,2022,1
99090000.0,79.0,4,2006,0
58510000.0,44.3,3,1986,5
72930000.0,53.8,5,1989,5
56170000.0,37.0,6,1989,5
48990000.0,36.6,5,1996,5
70570000.0,58.9,3,1998,1
78240000.0,48.9,8,2010,5
88660000.0,68.8,10,1997,0
108310000.0,70.1,6,2014,4
102900000.0,67.8,9,1996,5
76090000.0,66.3,5,1995,1
151350000.0,90.4,12,1996,3
65620000.0,42.8,11,1998,3
58360000.0,61.0,16,2018,2
116370000.0,82.4,1,1994,4
120600000.0,84.8,14,1995,4
71300000.0,36.4,6,2023,3
59380000.0,56.4,2,2011,2
90860000.0,86.4,12,1992,2
91680000.0,71.1,3,2019,1
91950000.0,65.5,3,1992,4
71600000.0,58.1,16,1991,0
73210000.0,55.1,4,2002,1
72370000.0,67.2,9,2012,2
76620000.0,57.5,4,1992,4
62110000.0,61.2,2,2015,2
93070000.0,63.4,1,1991,4
93380000.0,49.8,1,2016,3
102400000.0,71.6,8,1988,5
151070000.0,114.5,7,2003,1
48910000.0,30.0,1,2010,5
93970000.0,67.8,6,1995,5
62760000.0,48.3,5,2009,0
75430000.0,72.4,10,2012,2
98600000.0,62.8,16,2011,5
126490000.0,75.7,12,2000,3
150070000.0,83.2,15,2015,3
113810000.0,65.5,4,2014,3
108520000.0,82.4,4,1998,0
40010000.0,25.0,13,2014,4
144800000.0,90.6,5,2021,4
130350000.0,68.8,14,2017,3
106290000.0,81.4,8,2014,1
52670000.0,40.0,4,2015,1
63950000.0,47.0,14,2017,1
79730000.0,64.6,9,1996,0
85560000.0,61.7,13,2013,0
83420000.0,67.1,8,1992,0
137810000.0,81.5,3,1999,3
41560000.0,30.2,11,2022,0
98710000.0,79.5,2,1996,1
68240000.0,62.1,11,2018,2
89740000.0,58.3,7,2001,5
36740000.0,35.5,13,1993,2
76640000.0,71.1,14,1988,1
40470000.0,25.0,7,2006,3
92490000.0,73.7,15,2003,0
59060000.0,35.1,2,2005,3
,63.0,2,1986,3
66760000.0,59.9,16,1995,1
130080000.0,83.1,10,1985,3
88430000.0,58.8,8,1997,4
82210000.0,49.5,3,2022,4
52630000.0,52.9,5,1991,0
138710000.0,84.9,11,2012,5
96710000.0,71.7,14,1985,5
98650000.0,55.1,15,2007,3
66110000.0,57.7,7,2021,2
39040000.0,33.8,8,1998,1
111210000.0,69.0,3,1992,3
37380000.0,30.3,2,2007,1
130330000.0,75.5,8,1996,3
73290000.0,64.3,10,2020,2
199630000.0,105.0,2,2018,3
49760000.0,42.2,7,2011,2
110150000.0,60.2,11,2010,3
117050000.0,94.4,13,2009,0
156470000.0,83.4,16,2014,3
70700000.0,49.5,6,2003,4
96070000.0,66.0,7,2023,0
59140000.0,62.0,14,1998,2
84000000.0,67.1,12,1985,4
73920000.0,49.4,5,2012,0
88510000.0,60.4,11,2011,4
,33.2,3,2024,0
81200000.0,64.4,8,2000,0
117600000.0,70.1,5,2001,3
75190000.0,57.9,16,2007,0
42220000.0,32.9,1,2000,4
103340000.0,79.8,14,2016,1
78260000.0,68.6,5,2002,1
88460000.0,48.9,1,2016,3
62830000.0,56.9,11,2002,2
41320000.0,35.0,11,1994,1
77410000.0,43.5,3,2024,3
71130000.0,52.3,1,2006,0
129880000.0,84.1,2,2013,4
63920000.0,50.5,7,2008,0
108360000.0,73.5,3,1999,4
73190000.0,52.3,12,2023,0
94820000.0,66.5,2,1999,5
108710000.0,59.5,13,2024,5
113170000.0,77.7,14,2002,4
81030000.0,52.4,12,1985,3
30350000.0,33.7,16,1986,2
54490000.0,37.1,16,2023,1
65750000.0,52.4,1,2006,0
60660000.0,39.5,6,2000,3
92420000.0,69.4,13,2017,0
89930000.0,53.6,6,2009,5
191230000.0,104.7,12,2011,3
46160000.0,30.7,13,2012,4
99970000.0,65.7,16,1992,5
49370000.0,41.7,6,1988,1
84960000.0,53.1,6,2014,5
69800000.0,64.5,1,1985,1
,25.0,5,2013,5
90910000.0,66.3,5,1990,5
111540000.0,96.3,8,1995,1
73500000.0,53.8,7,2013,0
111720000.0,66.7,14,2009,3
108900000.0,80.4,13,2016,0
72530000.0,59.0,12,2009,1
72630000.0,51.5,1,1986,4
39120000.0,25.0,8,2018,3
100340000.0,73.5,12,1993,4
79800000.0,60.0,4,1990,4
76980000.0,43.8,7,2020,5
73020000.0,64.3,12,1992,1
73870000.0,51.5,13,2006,0
66540000.0,52.5,14,2004,1
112120000.0,72.9,7,2015,4
53570000.0,37.9,7,1986,5
93850000.0,80.9,7,1989,0
56780000.0,36.8,11,2001,4
68080000.0,50.1,7,2003,4
104740000.0,96.6,7,2016,2
90610000.0,82.3,3,2009,2
95590000.0,63.8,8,1990,5
77590000.0,45.1,4,2024,3
95810000.0,52.5,9,2003,3
106710000.0,63.3,15,2023,5
99240000.0,62.7,13,2024,5
68830000.0,60.4,8,1987,4
69010000.0,61.4,16,2005,1
69490000.0,58.1,16,2001,1
37550000.0,36.0,8,2004,2
90240000.0,52.7,13,1997,3
135760000.0,78.5,6,2007,3
60250000.0,37.4,15,2004,3
68570000.0,58.6,6,1992,0
55100000.0,47.2,5,1996,1
72940000.0,64.0,3,1990,1
83980000.0,55.0,14,2018,4
163440000.0,88.6,5,2012,3
86640000.0,71.1,14,2000,0
61500000.0,38.4,2,2000,3
114940000.0,74.1,9,1988,3
52650000.0,48.1,7,1996,2
68020000.0,51.6,8,2021,1
91070000.0,67.6,3,1986,5
79180000.0,53.1,2,1990,5
153830000.0,78.1,6,2018,3
62790000.0,48.1,8,2005,0
72650000.0,50.9,13,1986,4
56880000.0,50.2,8,2004,2
78000000.0,51.8,4,2014,4
121800000.0,81.8,5,1998,5
105130000.0,73.3,10,2000,5
99820000.0,92.8,7,2010,2
179120000.0,102.8,15,2008,3
68180000.0,43.4,8,2021,4
69890000.0,63.3,10,1994,1
66370000.0,40.8,2,1996,3
59320000.0,48.0,4,1991,0
63550000.0,50.7,14,2011,1
38200000.0,43.0,6,2006,2
61130000.0,43.1,7,1998,5
69330000.0,59.4,10,2012,1
58780000.0,40.1,1,2000,4
,77.2,9,1992,5
68780000.0,45.5,6,2006,4
132410000.0,112.6,3,2002,1
82510000.0,53.9,7,2001,5
78340000.0,63.3,8,2002,0
46860000.0,38.7,3,2021,1
131450000.0,92.7,9,1993,4
119160000.0,82.2,12,1996,4
108930000.0,67.3,5,2007,5
41300000.0,37.8,16,1986,0
82660000.0,65.8,10,1990,0
42650000.0,41.8,13,2007,2
116340000.0,88.3,2,2005,0
115060000.0,76.6,13,2011,4
70370000.0,63.7,6,1989,1
31850000.0,25.0,12,2019,5
45330000.0,44.3,13,2004,2
73050000.0,74.4,5,1991,2
117160000.0,83.8,5,1997,4
121330000.0,82.0,1,1994,4
35660000.0,33.3,10,2003,1
79330000.0,67.4,13,2003,1
118500000.0,80.3,7,2002,5
46830000.0,32.1,3,2003,5
120980000.0,61.9,6,2021,3
114560000.0,66.9,7,2023,4
69710000.0,56.6,15,2004,0
51820000.0,28.7,2,2023,3
72270000.0,56.1,6,2017,0
68280000.0,56.1,11,2017,2
87140000.0,59.3,4,1994,4
75210000.0,51.9,15,2002,4
49620000.0,54.0,15,1999,2
80890000.0,61.3,7,1988,5
94920000.0,70.0,12,1988,4
91400000.0,56.5,13,2009,5
74320000.0,54.6,11,2001,5
0.0,63.7,3,2018,2
48360000.0,27.4,1,2011,4
66900000.0,70.6,6,1988,2
76000000.0,62.0,3,2018,2
94970000.0,62.7,5,2004,4
93730000.0,79.3,11,2007,1
44250000.0,26.8,10,2023,5
32780000.0,26.5,4,2010,1
84670000.0,66.9,1,1985,4
96260000.0,61.9,4,1992,3
73680000.0,65.1,8,2002,2
47030000.0,53.7,13,1986,2
88070000.0,74.0,6,1991,1
86380000.0,78.8,5,2016,2
79450000.0,70.7,9,1990,1
70510000.0,57.3,2,1991,0
24010000.0,25.0,4,2005,2
75040000.0,75.8,1,1988,2
109570000.0,84.0,9,1995,4
86570000.0,73.6,8,2022,2
48170000.0,46.2,10,2010,1
124670000.0,74.1,10,2023,5
133840000.0,77.5,7,1999,3
138810000.0,90.1,14,2009,4
48010000.0,46.2,15,1994,1
67900000.0,57.9,2,2000,0
118680000.0,75.5,15,1991,3
104900000.0,63.0,4,2018,5
59650000.0,41.9,4,1992,3
113020000.0,69.5,9,1993,3
76890000.0,72.4,1,2003,2
75440000.0,63.6,6,2002,1
83470000.0,66.0,4,1997,0
72330000.0,57.3,8,1999,0
144460000.0,88.6,14,1996,3
65910000.0,45.8,15,2021,4
64440000.0,51.4,4,2008,1
67510000.0,62.2,9,2021,2
88220000.0,77.8,8,2024,2
55420000.0,35.0,7,2011,4
55930000.0,38.4,11,2018,1
28150000.0,25.3,16,1989,1
85790000.0,62.6,7,2022,1
47900000.0,41.9,2,2004,0
61670000.0,55.1,15,2013,2
84860000.0,73.9,15,1994,1
64040000.0,50.5,6,1988,0
103770000.0,66.2,9,2020,4
95870000.0,56.6,14,2002,3
986040000.0,74.1,9,1990,5
93490000.0,70.6,8,2011,0
42800000.0,49.5,15,1987,2
81630000.0,59.0,14,2003,1
120500000.0,80.8,9,2013,4
106480000.0,69.1,3,2013,4
55460000.0,36.9,8,2003,4
76510000.0,73.8,11,1999,2
57790000.0,42.5,5,2018,0
,87.4,9,1992,4
75790000.0,80.4,11,1987,2
103620000.0,67.2,2,1991,3
115190000.0,64.8,10,2017,5
99230000.0,58.2,12,2003,3
83940000.0,74.2,4,1986,1
52690000.0,55.3,9,1991,2
71340000.0,66.2,12,1986,1
120670000.0,77.7,1,2017,4
69850000.0,51.9,11,2003,4
67480000.0,50.9,5,1987,4
44740000.0,40.5,7,1993,1
58180000.0,42.8,11,2009,1
33300000.0,29.1,1,2008,0
82110000.0,75.1,1,2017,2
100380000.0,94.6,8,1986,1
123150000.0,87.7,16,1987,4
41920000.0,32.7,1,1986,5
79340000.0,75.0,13,2000,2
122150000.0,87.6,2,2014,0
70940000.0,53.8,8,2011,0
86760000.0,63.8,7,1993,5
41030000.0,25.9,8,2011,3
105560000.0,66.8,2,2011,4
333990000.0,42.9,13,1992,2
90130000.0,65.6,5,2014,0
41050000.0,33.9,13,2001,1
85070000.0,71.8,11,1987,0
97630000.0,80.4,9,2000,1
61270000.0,47.9,5,2015,0
51550000.0,41.5,11,2012,0
31810000.0,25.0,16,1995,1
102270000.0,57.2,15,2015,3
50330000.0,51.5,15,2000,1
54740000.0,34.1,4,2003,5
63250000.0,70.2,10,1988,2
74530000.0,53.9,7,2024,1
84800000.0,42.6,16,2018,3
51160000.0,52.0,16,1992,2
125690000.0,81.3,14,2007,4
95070000.0,72.9,3,2016,1
110160000.0,59.7,6,2005,3
101470000.0,73.1,12,1993,5
69620000.0,41.1,12,2023,5
90450000.0,62.6,6,1995,4
65010000.0,64.7,3,1998,2
84640000.0,53.5,3,1999,5
109970000.0,69.8,11,2020,4
58970000.0,48.0,8,2005,2
86910000.0,71.2,8,2013,2
136860000.0,71.9,14,2021,3
35590000.0,25.0,1,2022,1
143340000.0,83.4,13,2019,5
37200000.0,25.0,5,2021,5
62710000.0,50.9,15,2022,1
142110000.0,80.5,16,2024,5
62150000.0,56.3,9,2010,2
39150000.0,35.6,6,1990,1
49860000.0,42.3,4,1989,0
94760000.0,80.5,3,2016,1
33020000.0,27.4,16,1997,0
149290000.0,82.3,4,2017,3
85110000.0,61.0,8,2022,1
47900000.0,40.5,8,2010,2
68700000.0,51.5,11,2015,1
65870000.0,43.7,14,1996,5
107100000.0,77.6,9,2002,4
89440000.0,75.2,13,2023,2
45150000.0,31.1,10,2017,0
70910000.0,54.7,7,1993,0
96690000.0,46.5,3,2022,3
140750000.0,85.3,4,2004,3
60770000.0,37.7,7,2018,5
114110000.0,90.9,1,2005,0
66930000.0,61.4,6,2009,2
46570000.0,41.1,8,1991,1
,49.8,8,1998,5
64850000.0,47.6,14,2013,1
57540000.0,39.1,16,2018,4
633690000.0,63.7,12,1988,0
49620000.0,39.9,2,1988,4
31970000.0,25.0,7,2012,0
89520000.0,55.2,12,2002,3
46540000.0,29.5,10,2018,4
75540000.0,48.5,8,1987,3
64690000.0,45.6,7,1998,5
57060000.0,46.3,7,1986,0
157720000.0,98.0,10,2013,5
75780000.0,63.0,3,2019,2
64090000.0,66.4,9,1991,2
36890000.0,30.0,4,1997,0
80740000.0,50.2,11,2018,5
87650000.0,65.9,14,1986,4
85970000.0,43.6,9,2023,3
101860000.0,78.3,7,2020,1
67050000.0,40.4,16,1991,3
51920000.0,56.8,11,1990,2
95940000.0,51.5,7,2012,3
68690000.0,65.0,1,1985,1
81460000.0,50.5,1,2005,5
54740000.0,57.1,4,1987,2
67350000.0,57.7,4,2006,2
65340000.0,48.8,12,1999,4
122300000.0,70.7,9,2013,3
108240000.0,66.3,16,2020,5
83450000.0,60.4,9,2004,4
77050000.0,54.3,15,2010,4
117920000.0,76.3,9,2009,4
67240000.0,57.8,6,2024,2
66560000.0,56.5,12,1994,0
61960000.0,63.9,8,1994,2
113560000.0,92.5,5,2000,0
48560000.0,37.9,8,2014,2
96890000.0,75.9,11,2019,1
22760000.0,27.9,7,1996,2
76910000.0,65.9,12,1989,1
159690000.0,90.4,16,2009,3
119340000.0,70.8,7,2008,5
107450000.0,65.1,5,1999,3
62470000.0,51.9,7,1992,1
103510000.0,62.6,14,2018,4
77130000.0,57.5,3,2018,0
71400000.0,47.9,16,2014,4
88450000.0,56.8,7,2008,4
67870000.0,65.6,14,1995,2
52070000.0,48.2,13,2001,1
40820000.0,47.5,13,1987,2
27130000.0,37.5,15,1994,2
107890000.0,69.0,3,2003,5
85400000.0,71.8,10,2002,1
72980000.0,66.2,2,1988,1
122180000.0,79.4,5,2023,4
88640000.0,63.6,1,1995,5
82640000.0,69.1,11,2005,1
113420000.0,67.5,10,2003,3
73580000.0,60.4,12,2003,1
0.0,52.4,3,2018,5
139770000.0,101.9,6,2014,1
74550000.0,53.9,11,2019,0
64000000.0,50.0,14,2000,1
94530000.0,69.8,15,1995,4
90220000.0,66.5,2,2002,4
46370000.0,36.7,7,2007,0
90420000.0,82.2,1,1998,1
103780000.0,60.3,14,2003,3
56920000.0,42.0,2,1991,5
123160000.0,83.4,14,2008,5
105400000.0,73.3,3,2013,0
48610000.0,39.2,1,2006,0
169160000.0,94.0,15,2019,3
108460000.0,73.9,8,2024,0
96470000.0,61.8,7,2021,4
91330000.0,90.6,11,1988,2
105440000.0,64.9,5,2020,5
666720000.0,61.5,12,1998,0
53730000.0,50.1,7,2003,2
93750000.0,72.5,5,2001,0
74040000.0,70.6,7,1996,2
103670000.0,62.3,1,2020,5
62170000.0,47.8,5,2010,1
125570000.0,64.3,10,2023,3
99380000.0,60.7,3,2023,4
38700000.0,38.0,2,2001,2
49340000.0,35.5,11,2014,4
109340000.0,72.2,7,2005,4
37000000.0,25.0,3,2004,4
104790000.0,65.7,12,2014,5
90740000.0,53.4,13,2012,5
92330000.0,85.5,1,2021,2
103850000.0,53.1,4,2015,3
111720000.0,73.9,6,2009,4
74200000.0,54.9,12,2021,1
70020000.0,64.0,2,1989,1
131280000.0,75.3,13,2015,3
54640000.0,53.7,6,2000,2
122850000.0,79.9,3,2002,5
52030000.0,44.1,14,2016,2
77140000.0,67.3,2,1995,1
95130000.0,78.6,3,2020,1
71470000.0,73.9,16,2004,2
121860000.0,96.5,9,1998,1
52510000.0,48.3,8,1998,1
69010000.0,37.2,11,2001,3
47080000.0,44.1,11,2022,2
86290000.0,73.9,10,1989,0
,71.0,1,2005,1
68790000.0,63.8,9,2018,2
50040000.0,41.8,5,2003,2
98980000.0,75.8,13,2007,0
42510000.0,40.0,9,1998,2
111850000.0,82.9,2,1990,4
125610000.0,113.4,15,2010,2
116630000.0,68.6,5,2021,4
92850000.0,72.5,5,2005,0
87670000.0,53.1,15,2002,5
32380000.0,29.4,13,1990,0
89400000.0,51.2,14,2022,5
72240000.0,42.3,11,2019,5
56140000.0,36.0,15,2021,5
116790000.0,93.0,2,1999,0
88500000.0,66.9,10,2010,0
79420000.0,68.8,5,2002,1
69790000.0,56.4,7,1994,0
85770000.0,58.9,4,1993,5
114170000.0,79.4,4,2000,4
95640000.0,61.4,8,2007,5
68780000.0,71.6,15,1989,2
62960000.0,58.5,11,2013,2
58860000.0,55.8,6,2003,2
66370000.0,36.7,7,2020,3
42990000.0,26.4,9,1996,0
84390000.0,57.3,4,1987,3
75330000.0,63.0,9,1997,0
63730000.0,38.8,12,2023,5
95210000.0,61.4,4,1997,4
92030000.0,63.0,10,2013,4
34420000.0,25.0,12,2018,1
53980000.0,45.5,9,1996,1
125060000.0,69.3,5,2010,3
117210000.0,69.0,9,1993,3
53660000.0,41.2,13,1999,1
105600000.0,64.9,4,1996,3
129040000.0,80.4,10,2011,5
114160000.0,76.0,11,2020,4
99630000.0,60.3,6,1995,3
85530000.0,53.6,7,1996,3
82650000.0,50.7,15,2017,5
114360000.0,70.4,6,2003,3
85980000.0,65.5,10,2005,0
106440000.0,73.3,3,2013,4
103570000.0,64.4,15,1990,3
138460000.0,76.7,10,2019,3
87920000.0,63.7,13,1999,4
105790000.0,76.1,10,2011,0
115590000.0,77.7,6,2002,4
78720000.0,47.5,6,2015,4
45050000.0,29.5,12,2009,0
84640000.0,89.8,14,1991,2
85800000.0,66.6,3,1992,0
29620000.0,31.1,14,2020,2
54950000.0,49.2,14,2005,2
123640000.0,75.9,2,1996,3
63800000.0,57.0,2,1990,0
74380000.0,52.8,12,1990,4
0.0,87.2,14,2021,3
77060000.0,43.1,7,2024,5
49790000.0,47.6,11,2000,2
65560000.0,65.8,16,1993,2
119510000.0,69.0,6,2001,3
101990000.0,70.9,4,1990,5
118910000.0,78.4,16,2006,4
87570000.0,65.6,5,2010,0
123940000.0,70.8,8,2024,5
78260000.0,57.3,8,1997,5
,63.1,9,1992,0
85290000.0,63.9,5,1990,5
79580000.0,65.9,11,2000,1
121400000.0,75.9,12,2009,4
94470000.0,72.0,4,1987,4
85730000.0,62.8,8,2015,0
60400000.0,47.4,1,2003,1
90860000.0,63.2,4,2016,4
91950000.0,61.5,16,2003,5
79490000.0,65.5,9,1991,0
1158840000.0,101.7,10,1985,5
52240000.0,52.6,15,2007,2
78310000.0,69.6,12,2006,2
109760000.0,81.2,13,2017,1
74290000.0,63.8,12,2020,2
152360000.0,104.1,8,1991,5
82520000.0,55.2,11,1997,5
79850000.0,67.8,5,1993,1
66000000.0,47.6,15,1989,5
64520000.0,55.7,3,1985,0
90890000.0,66.5,15,1988,5
99520000.0,77.2,15,2005,1
102880000.0,67.7,3,1991,5
88750000.0,84.7,12,1992,2
69380000.0,60.3,16,1989,0
67640000.0,56.0,10,2013,1
125160000.0,110.7,6,2010,2
82190000.0,69.1,15,2023,2
0.0,49.0,9,1989,4
57120000.0,49.5,2,1993,0
79110000.0,45.0,4,2003,3
120870000.0,78.9,11,2010,5
91130000.0,55.4,8,1990,3
83010000.0,64.3,4,1993,0
,60.9,13,2001,2
89310000.0,75.2,2,1985,0
42580000.0,46.8,4,2000,2
48190000.0,42.6,8,2015,2
89750000.0,66.0,1,2006,1
102620000.0,72.8,7,2002,4
86880000.0,68.0,15,2004,0
85590000.0,47.4,16,2022,5
93260000.0,74.2,14,2005,1
69710000.0,48.6,6,2006,1
85770000.0,52.6,2,2022,5
60380000.0,45.0,14,1991,5
119870000.0,85.4,6,1988,4
102190000.0,73.4,12,2002,4
,72.9,2,1997,1
121800000.0,84.4,11,1993,5
130110000.0,112.6,10,1989,1
54550000.0,31.2,15,2020,5
88320000.0,48.7,2,2009,3
90210000.0,50.9,7,2012,3
59850000.0,46.7,16,1989,0
79480000.0,42.6,7,1998,5
77230000.0,56.6,11,2009,0
52320000.0,40.1,3,2006,0
69320000.0,68.0,12,2012,2
81070000.0,62.9,5,2011,0
106080000.0,70.7,10,2001,5
128780000.0,71.1,15,2016,3
102130000.0,72.9,11,1995,4
84800000.0,55.3,8,1988,5
138100000.0,100.2,4,2021,1
61790000.0,66.2,6,1985,2
23820000.0,28.5,14,1996,2
54570000.0,44.0,4,1989,1
37020000.0,30.7,11,1994,0
67280000.0,62.3,8,2000,1
73680000.0,59.8,6,1990,0
68990000.0,53.6,12,2003,1
176600000.0,98.2,6,2022,3
98900000.0,71.9,5,1990,5
105100000.0,75.1,9,2022,0
79850000.0,45.2,13,2001,3
45150000.0,44.0,14,2008,2
76130000.0,62.7,11,2002,0
95200000.0,65.1,11,1997,4
31810000.0,28.6,13,1989,0
79120000.0,58.8,5,2008,0
113170000.0,62.3,5,2021,3
69420000.0,58.1,8,2005,0
53890000.0,47.4,11,2008,2
70180000.0,52.3,11,2010,0
77400000.0,58.8,3,2000,0
87740000.0,63.6,13,1989,5
104800000.0,72.9,6,2005,4
118290000.0,81.5,15,2019,0
88270000.0,56.7,12,1997,3
94400000.0,53.8,16,2019,5
116580000.0,69.9,11,2019,4
105200000.0,73.0,9,1994,4
64630000.0,54.2,4,2008,1
81090000.0,76.2,7,2014,2
96040000.0,79.6,14,2004,1
103110000.0,85.3,7,2012,1
103940000.0,94.0,1,2021,2
76220000.0,46.4,4,2010,5
118470000.0,62.3,10,2018,3
81070000.0,62.2,11,2017,0
114110000.0,60.2,16,2017,3
67980000.0,50.3,15,2019,1
48830000.0,35.3,9,1994,0
86520000.0,63.7,9,1985,4
73140000.0,48.2,13,1991,5
65020000.0,63.5,1,1994,2
56190000.0,47.7,10,2012,2
68230000.0,42.2,8,2005,3
83870000.0,66.2,13,2003,0
89130000.0,64.7,13,1985,5
129630000.0,72.4,11,2012,3
121740000.0,101.3,11,1999,1
125280000.0,67.0,12,2015,3
101480000.0,70.7,10,1989,5
42120000.0,42.6,4,1996,2
39950000.0,38.8,5,1987,1
115330000.0,90.5,12,1996,0
53460000.0,45.4,10,2021,2
41310000.0,43.2,4,2004,2
104100000.0,61.3,15,2002,3
62970000.0,60.4,16,1995,1
64350000.0,45.8,11,1995,4
60800000.0,56.5,4,2011,2
95570000.0,84.1,16,2024,2
83290000.0,47.5,4,2014,5
42700000.0,36.9,7,2014,1
98450000.0,79.0,14,2003,1
1087200000.0,70.9,9,1988,3
86190000.0,50.8,4,2013,5
43500000.0,33.5,2,2017,1
58060000.0,48.6,6,2005,0
80250000.0,61.0,11,1988,5
104270000.0,83.0,12,2013,1
54780000.0,43.3,4,2021,1
95560000.0,60.5,3,1993,3
87100000.0,74.2,12,1991,0
33340000.0,25.0,3,2014,0
136830000.0,80.6,2,1998,3
57920000.0,40.7,8,2013,4
0.0,68.0,10,2013,2
108630000.0,66.4,4,1995,3
107650000.0,81.5,4,1986,4
133700000.0,71.9,4,2007,3
30860000.0,25.0,6,2001,1
69820000.0,47.9,1,2019,4
98160000.0,64.5,1,1999,5
60330000.0,58.5,6,1994,2
97250000.0,70.6,1,2019,0
98020000.0,76.2,6,2014,0
122280000.0,73.0,10,2009,5
73670000.0,58.1,1,2023,1
55670000.0,28.8,10,2016,3
61880000.0,53.8,10,2019,2
92450000.0,69.5,10,2016,1
50650000.0,42.4,11,2001,2
87670000.0,73.4,13,1987,0
116380000.0,78.4,2,2009,4
91680000.0,64.3,3,2015,0
26570000.0,25.0,6,2024,2
50160000.0,39.0,12,2012,1
113550000.0,96.0,14,2007,1
77840000.0,52.2,15,2008,5
25600000.0,26.3,10,1989,2
93460000.0,84.2,7,1985,1
79540000.0,62.2,7,1986,5
110790000.0,81.9,1,2021,1
106380000.0,67.0,8,2016,5
107950000.0,70.3,9,1995,5
80610000.0,68.5,4,2001,1
91080000.0,74.6,13,2004,0
102680000.0,103.0,13,1994,2
78500000.0,79.5,5,2001,2
44650000.0,33.6,15,1998,1
107570000.0,70.0,2,2012,4
128140000.0,82.5,15,2015,4
134490000.0,83.6,13,1988,3
61710000.0,54.3,4,2003,1
91430000.0,83.0,11,2024,2
110600000.0,78.7,5,2019,0
143310000.0,108.3,13,2016,0
70900000.0,48.5,3,2014,4
61140000.0,52.9,4,1985,1
67530000.0,56.5,5,2023,2
77580000.0,53.2,4,2014,4
74330000.0,46.0,6,2020,5
25050000.0,25.0,10,2021,2
69870000.0,54.2,11,1995,1
78570000.0,68.6,9,1985,1
65380000.0,53.1,4,2011,1
119480000.0,96.8,4,2003,1
62530000.0,62.2,15,1985,1
101170000.0,85.2,5,1995,0
114000000.0,66.7,2,2024,5
80420000.0,76.9,8,1999,2
81280000.0,67.0,1,1995,0
95400000.0,86.6,6,2011,2
96630000.0,63.0,14,2011,4
100420000.0,70.9,5,1998,4
76310000.0,68.6,12,2018,2
83780000.0,56.8,8,2008,4
79360000.0,69.3,6,1991,1
127640000.0,102.2,11,1997,0
79460000.0,57.1,10,2018,0
62100000.0,69.6,6,1988,2
75780000.0,84.6,4,1985,2
105790000.0,82.5,15,2011,1
84710000.0,62.2,3,2002,0
25600000.0,25.0,16,1995,2
89200000.0,71.3,8,2003,0
30850000.0,25.0,16,1992,0
85920000.0,88.5,6,1999,2
111760000.0,65.1,10,1994,3
100210000.0,80.0,10,2008,1
0.0,45.8,6,2011,3
54170000.0,34.1,4,2021,4
71640000.0,66.7,9,1987,1
77560000.0,61.4,11,1998,1
64040000.0,53.2,5,1995,0
100340000.0,63.5,13,2008,5
176020000.0,111.8,11,2006,5
104180000.0,77.0,3,2020,0
136530000.0,80.9,16,2021,5
126810000.0,77.2,1,2015,5
94640000.0,88.6,11,1992,1
56600000.0,58.6,8,1986,2
,25.0,11,2020,3
78750000.0,58.6,13,2022,1
93520000.0,76.6,11,1995,0
52520000.0,44.5,11,1986,0
80000000.0,58.8,14,2012,1
69780000.0,49.5,12,2008,4
116280000.0,89.0,14,2020,1
116290000.0,75.5,7,2008,4
96930000.0,73.7,4,2015,1
101680000.0,73.2,4,2016,0
95610000.0,61.3,10,1985,5
66170000.0,65.6,9,1990,2
60030000.0,40.7,2,2016,0
34720000.0,25.0,4,1992,5
89600000.0,64.7,16,1993,5
86150000.0,67.8,12,2015,1
98790000.0,83.8,13,1993,1
129980000.0,90.3,4,1990,5
100270000.0,90.3,2,1985,1
52400000.0,44.0,5,2003,1
83220000.0,55.7,14,2010,4
77440000.0,70.6,9,2014,2
206030000.0,107.6,13,2021,3
121150000.0,88.6,8,2011,0
146380000.0,82.1,8,2015,3
79280000.0,55.0,10,1993,4
,46.1,16,1998,3
91120000.0,76.2,7,1997,1
48340000.0,42.2,10,1987,0
99970000.0,57.7,15,2023,4
96340000.0,59.9,6,1994,3
94970000.0,90.7,14,2002,2
85600000.0,55.6,9,1999,5
35550000.0,25.0,15,1986,3
119020000.0,71.1,8,2021,5
58470000.0,49.4,11,1993,0
82990000.0,62.8,6,1989,4
88090000.0,60.4,11,1998,5
59910000.0,57.1,6,1990,2
127370000.0,76.2,10,2024,5
57910000.0,34.4,13,1992,3
62980000.0,52.7,7,1997,1
98570000.0,74.3,7,1995,4
50360000.0,50.9,6,1986,2
39890000.0,33.0,12,1985,5
112120000.0,74.0,10,2005,4
132480000.0,82.2,9,1994,3
86010000.0,61.2,1,1988,5
34100000.0,26.7,2,1996,5
91550000.0,74.7,1,1995,0
,32.1,14,2001,4
111890000.0,67.6,14,2024,5
74130000.0,46.0,2,1997,3
47090000.0,41.1,1,2013,2
71530000.0,54.0,13,2015,1
55160000.0,58.7,9,1987,1
95700000.0,50.4,5,2005,3
112520000.0,72.6,10,2002,5
72340000.0,54.0,4,2005,0
127450000.0,79.6,4,1991,3
62690000.0,67.1,6,2003,2
81230000.0,49.4,15,1989,3
59680000.0,46.4,13,2022,1
42330000.0,32.3,4,2008,1
62870000.0,67.2,9,1986,2
,55.6,15,2005,1
25710000.0,25.0,16,2022,2
84810000.0,52.4,13,2014,4
48290000.0,45.8,3,1995,1
153640000.0,90.4,4,2020,4
53960000.0,31.3,4,1992,5
65600000.0,36.1,3,1994,3
102800000.0,82.0,3,1991,0
144650000.0,86.4,6,2021,5
92790000.0,48.6,9,2013,3
77820000.0,50.6,7,2005,5
73470000.0,73.1,7,2011,2
47150000.0,25.0,4,1995,3
36030000.0,28.5,3,1987,1
105700000.0,56.9,16,2018,3
99200000.0,89.9,10,2023,2
,54.2,4,1986,4
53600000.0,63.8,13,1987,2
132500000.0,82.4,14,2007,5
132280000.0,99.9,16,1986,5
80850000.0,51.6,3,2013,4
67720000.0,61.7,11,2022,2
104700000.0,94.8,16,1996,1
49730000.0,34.6,13,1996,4
149140000.0,80.5,4,2019,3
76900000.0,43.7,15,1999,3
99330000.0,63.8,7,1994,3
0.0,57.6,8,1988,1
61430000.0,44.8,9,2018,4
50400000.0,44.3,13,2022,1
101320000.0,67.0,2,1988,5
156200000.0,79.9,9,2017,3
85720000.0,59.7,14,1991,5
86680000.0,63.3,9,1990,5
89430000.0,72.3,5,2000,0
71170000.0,44.5,1,2002,5
123050000.0,75.3,9,2019,5
123940000.0,76.7,12,2012,5
154740000.0,108.9,9,1990,5
84410000.0,55.2,16,2008,5
83990000.0,53.8,10,2020,4
117060000.0,75.8,9,2011,4
89060000.0,76.7,1,1994,0
85600000.0,52.4,9,1990,3
81750000.0,54.7,3,2003,5
105570000.0,71.7,12,2003,4
84800000.0,47.1,3,1999,3
76480000.0,54.6,15,1989,5
93550000.0,63.6,5,1989,5
1052910000.0,79.9,7,2006,5
95060000.0,51.1,3,2022,3
31020000.0,28.8,4,2008,2
49510000.0,27.5,15,2002,5
47390000.0,39.3,5,2022,0
50930000.0,38.4,9,2012,0
101250000.0,59.2,16,2013,5
40430000.0,40.6,10,2008,2
62830000.0,49.4,1,2015,1
52130000.0,48.1,6,2005,2
59100000.0,54.1,7,2009,2
141720000.0,85.8,5,2009,5
102080000.0,73.9,4,2015,0
109340000.0,62.3,9,2020,5
74270000.0,53.7,7,1996,4
69470000.0,54.2,5,2012,0
89430000.0,67.9,7,1986,4
103330000.0,72.5,6,2006,4
78240000.0,45.7,4,2020,5
66450000.0,62.7,8,2010,2
351990000.0,25.4,16,1995,3
118860000.0,65.8,9,2009,3
85070000.0,75.7,10,1999,1
71710000.0,57.0,16,2002,1
107130000.0,94.7,10,1994,1
62250000.0,46.1,4,2009,1
63180000.0,65.9,7,1992,2
66330000.0,61.4,8,2002,2
85320000.0,60.2,8,2022,0
80200000.0,59.9,3,2015,1
76950000.0,63.9,2,2001,1
118880000.0,77.3,6,2023,4
123820000.0,86.8,15,1985,5
117850000.0,62.0,12,2023,3
132240000.0,76.7,14,1999,3
80640000.0,49.4,3,2017,4
103430000.0,75.8,7,2022,0
69420000.0,48.3,10,2009,4
104610000.0,81.6,7,2009,1
136230000.0,101.8,7,2014,0
63180000.0,59.8,6,1994,2
27750000.0,25.0,1,1992,1
91290000.0,52.1,14,1998,3
109560000.0,84.2,15,2004,0
98360000.0,72.0,2,2014,0
64980000.0,66.5,7,1995,2
141880000.0,80.2,9,2007,3
114530000.0,70.7,13,1985,3
96850000.0,83.9,16,1986,0
107440000.0,78.5,7,2023,1
142540000.0,89.4,12,2019,4
114310000.0,68.5,15,2019,5
103960000.0,78.3,14,1998,0
73940000.0,56.5,5,2005,1
82000000.0,51.2,14,2011,5
153410000.0,92.7,7,1995,3
103960000.0,65.9,1,2014,5
83130000.0,76.5,13,2012,2
78110000.0,64.2,14,2001,1
56820000.0,51.4,6,2002,2
106520000.0,62.2,8,1997,3
115920000.0,87.8,6,2017,0
141840000.0,72.0,2,2024,3
50560000.0,31.2,16,2024,4
74890000.0,58.1,1,2015,0
122000000.0,94.1,9,1998,0
81260000.0,58.2,1,2016,1
36930000.0,29.6,12,1994,0
136560000.0,96.1,15,2020,0
125340000.0,74.3,11,1995,3
68320000.0,60.7,10,2001,2
80600000.0,55.3,14,1988,5
123500000.0,81.5,16,1988,3
70200000.0,52.2,14,2000,1
111920000.0,82.7,4,2007,0
92920000.0,71.8,10,1985,4
87360000.0,66.4,14,2018,0
93310000.0,64.6,5,1989,5
111730000.0,58.9,11,2024,3
94890000.0,80.8,1,1995,1
61140000.0,46.4,15,2000,0
34860000.0,32.8,10,1991,1
130810000.0,73.1,12,2017,3
82800000.0,73.4,14,2014,2
65640000.0,70.6,4,1988,2
67500000.0,69.3,8,1989,2
55250000.0,56.2,14,2009,2
125600000.0,76.2,3,2019,5
85740000.0,61.2,14,1989,4
55000000.0,53.2,5,1993,2
69880000.0,56.4,10,2006,0
90350000.0,98.4,9,1989,2
45630000.0,30.8,11,1997,5
79810000.0,71.0,14,1985,1
50510000.0,31.8,6,2004,5
106930000.0,60.1,3,2013,3
57210000.0,54.2,7,2001,2
47150000.0,25.0,10,1995,3
100830000.0,69.0,13,2001,4
61010000.0,55.2,13,2005,1
25240000.0,25.0,6,1991,2
98970000.0,77.1,15,1989,0
94800000.0,87.8,2,1992,1
170240000.0,88.8,2,2024,3
123310000.0,68.5,1,2013,3
100810000.0,62.8,15,1990,3
87610000.0,85.9,3,1997,2
115080000.0,92.3,10,2001,1
113890000.0,82.4,14,1992,4
76920000.0,45.1,13,2019,4
105550000.0,65.6,16,2022,4
68070000.0,69.9,1,1994,2
25050000.0,29.4,7,1985,2
74260000.0,70.4,9,1995,1
162700000.0,102.9,12,2008,5
124080000.0,73.5,10,2017,4
128000000.0,88.5,9,1998,4
94290000.0,65.3,5,1995,4
82960000.0,60.7,2,1994,4
105990000.0,68.9,7,1985,3
48540000.0,47.3,5,1985,2
76010000.0,44.7,9,2002,5
117510000.0,84.8,13,2009,0
137820000.0,86.7,9,1985,3
50750000.0,44.2,10,1993,1
106320000.0,79.4,1,2021,1
95560000.0,60.4,11,2024,4
97780000.0,68.1,8,2010,4
69740000.0,70.3,2,2005,2
85940000.0,79.9,4,2008,2
63740000.0,63.5,13,1999,2
120520000.0,87.4,15,1993,5
101530000.0,67.6,9,2000,5
116110000.0,73.2,16,2012,5
79660000.0,47.0,3,2011,3
133350000.0,100.9,5,2012,0
91470000.0,70.5,15,2009,0
84590000.0,74.8,3,1987,0
56240000.0,33.1,11,2010,5
54780000.0,47.2,4,2020,1
103540000.0,84.3,6,2010,0
118740000.0,67.2,8,2008,3
33650000.0,27.6,6,1993,0
133700000.0,80.7,14,2016,5
52380000.0,52.2,16,2003,2
140160000.0,87.4,9,1995,3
63420000.0,60.4,9,2004,2
61680000.0,65.7,1,1989,2
140660000.0,83.2,4,2022,4
81750000.0,45.8,1,2013,3
65390000.0,44.1,14,1998,5
89690000.0,58.5,4,2016,0
88720000.0,76.9,6,1987,0
41280000.0,38.0,14,2000,2
60020000.0,32.0,12,2011,3
108910000.0,76.8,10,1985,5
93820000.0,51.1,1,2013,3
62490000.0,54.9,10,2017,2
43440000.0,28.6,9,2008,4
69720000.0,49.8,6,1993,5
80690000.0,61.9,12,2014,1
88120000.0,78.7,15,1998,2
92510000.0,48.1,5,2014,3
165110000.0,91.8,6,2010,3
73240000.0,49.7,6,1988,5
75070000.0,49.7,14,1988,3
83550000.0,89.7,2,1985,2
95690000.0,65.8,15,1987,5
82590000.0,52.1,13,1996,5
61980000.0,59.2,8,1986,1
113410000.0,86.4,10,2022,1
175610000.0,88.4,15,2021,3
46590000.0,47.3,13,1991,2
69160000.0,61.2,5,1997,2
103870000.0,63.6,1,2014,5
71500000.0,44.2,11,2011,5
106550000.0,61.0,3,2008,3
105120000.0,62.1,2,2024,4
109080000.0,82.5,16,2010,1
146080000.0,83.7,8,2011,3
81690000.0,56.1,11,2005,4
90180000.0,58.1,4,2006,4
103810000.0,74.0,2,1996,4
61040000.0,51.5,2,2005,1
125870000.0,72.6,6,2021,5
66500000.0,60.4,1,2000,2
51030000.0,44.6,7,1990,0
80000000.0,44.8,6,2008,3
157200000.0,88.0,9,2016,3
92560000.0,59.2,10,2023,4
113060000.0,91.5,5,2006,1
86540000.0,52.8,8,2016,5
94430000.0,67.2,2,1995,5
122980000.0,105.1,5,2001,1
68910000.0,43.0,16,2001,3
41450000.0,27.8,16,1998,4
123740000.0,85.2,8,2013,4
61490000.0,47.1,16,2020,0
84190000.0,61.6,9,1998,5
74880000.0,51.5,3,1990,5
84820000.0,66.8,14,2018,0
50850000.0,44.9,7,2018,2
89190000.0,58.8,10,2022,0
109240000.0,70.1,11,1995,5
41130000.0,43.9,5,2013,2
90770000.0,49.4,12,2013,3
58340000.0,55.7,9,2016,2
44990000.0,36.3,6,2017,0
91730000.0,54.4,5,2023,5
72250000.0,64.1,12,2004,2
79380000.0,54.8,4,1988,5
65560000.0,57.1,2,1992,0
101390000.0,61.6,15,2020,4
47740000.0,50.2,6,2018,2
99660000.0,74.4,11,1985,5
106160000.0,87.8,12,1999,0
88020000.0,53.6,14,1994,3
70660000.0,70.7,11,1997,2
71930000.0,57.7,12,2010,1
83240000.0,68.6,14,2005,1
138760000.0,90.2,16,2004,5
92390000.0,71.2,1,2002,0
40400000.0,30.1,12,2010,0
125500000.0,70.2,3,2012,3
118500000.0,84.2,15,1986,5
85750000.0,58.0,1,1990,5
79000000.0,79.9,4,1998,2
75190000.0,49.6,4,2002,5
72270000.0,35.3,10,2024,3
69190000.0,64.5,1,2020,2
45410000.0,30.4,1,2010,1
49380000.0,57.7,9,1986,2
93930000.0,85.2,16,1989,1
36640000.0,27.6,9,2003,4
59790000.0,39.0,8,2008,0
55680000.0,43.4,11,2011,0
57150000.0,60.9,9,1990,2
75610000.0,55.4,7,2020,0
134440000.0,87.2,10,2004,5
138610000.0,79.2,1,2008,3
77390000.0,70.9,4,1986,1
70010000.0,64.6,11,2017,1
103130000.0,69.1,6,2006,4
53310000.0,46.5,1,1993,1
118660000.0,77.4,2,1997,5
57590000.0,42.0,14,1999,0
72300000.0,77.0,6,1986,2
161490000.0,83.4,1,2022,3
69560000.0,65.8,12,2017,2
70160000.0,58.8,9,2020,2
68450000.0,69.2,8,1999,2
39200000.0,25.0,15,2007,3
98020000.0,67.4,6,2003,4
68630000.0,60.0,10,2004,2
92680000.0,61.1,12,2008,4
134480000.0,74.7,10,2003,3
75260000.0,60.7,4,2015,1
52490000.0,41.5,11,1987,0
82950000.0,59.5,12,1992,5
84450000.0,63.2,2,2020,1
103440000.0,64.1,3,2020,4
109400000.0,64.9,11,2017,5
121720000.0,80.7,2,1999,5
51200000.0,42.5,15,2003,0
90270000.0,65.2,2,1986,4
92570000.0,85.2,16,1996,2
53800000.0,30.8,11,2014,3
73490000.0,65.2,8,1998,0
77870000.0,51.5,5,2004,4
60540000.0,55.3,6,1989,1
55090000.0,45.7,12,2004,1
109030000.0,58.9,13,2013,3
99690000.0,95.1,4,2007,2
47400000.0,39.2,9,2007,1
691290000.0,40.9,16,2021,3
50330000.0,38.6,5,1994,1
93710000.0,93.1,12,1996,2
65710000.0,53.7,3,2009,0
74000000.0,61.5,14,2004,0
78180000.0,54.7,3,2024,0
58330000.0,45.0,5,1987,5
61820000.0,57.8,8,1989,0
127620000.0,106.2,6,1998,1
93740000.0,87.1,3,2003,2
63370000.0,46.6,11,2020,0
95590000.0,73.7,1,2004,0
81160000.0,47.0,16,2002,3
38150000.0,30.0,1,1991,0
139970000.0,80.4,6,2002,3
91560000.0,82.9,15,2006,1
85750000.0,80.8,3,2008,2
83010000.0,53.5,2,2009,4
69390000.0,59.0,12,2002,1
108090000.0,75.5,2,1991,5
97540000.0,69.0,15,1991,4
,54.9,8,1991,2
64460000.0,32.9,14,2009,3
88690000.0,64.0,4,2019,1
92410000.0,81.4,3,2020,2
58970000.0,40.4,16,1997,5
87550000.0,73.5,13,1988,4
88620000.0,68.0,15,2010,0
99400000.0,75.5,6,1986,5
98510000.0,77.7,7,2010,1
62660000.0,49.5,10,2000,0
63970000.0,32.9,8,2018,3
74890000.0,52.4,4,2010,0
86250000.0,78.0,7,2014,2
88070000.0,52.2,10,2001,5
69130000.0,49.5,1,2018,0
38240000.0,29.2,6,2006,4
139950000.0,93.5,5,2010,4
127920000.0,76.9,2,1999,3
81240000.0,75.9,2,2002,2
127480000.0,79.4,8,2018,5
121330000.0,72.4,2,2000,3
65600000.0,57.6,6,1985,0
58950000.0,59.1,9,2000,2
59060000.0,54.3,14,2000,2
161140000.0,109.4,2,2001,4
0.0,72.0,7,1987,0
75010000.0,53.7,2,1990,5
121980000.0,70.4,7,1997,3
69070000.0,43.8,8,2001,3
92370000.0,89.1,13,1986,1
67370000.0,50.1,8,2000,4
105070000.0,71.0,15,1997,5
81840000.0,81.2,3,1986,2
66460000.0,68.9,1,1995,2
87900000.0,63.7,1,1996,4
72810000.0,62.2,6,1990,0
80930000.0,61.0,4,2015,1
58140000.0,51.6,2,1987,0
93090000.0,53.9,4,2008,3
153630000.0,88.6,16,2011,3
79960000.0,60.0,13,2017,0
88440000.0,47.9,1,2006,3
68600000.0,52.7,15,2006,0
130240000.0,81.8,4,2015,5
89190000.0,74.2,7,2019,2
101930000.0,72.1,6,1993,5
95710000.0,57.4,7,2016,4
97740000.0,72.3,13,2003,0
79880000.0,50.4,12,1988,3
84470000.0,57.3,10,2009,5
116340000.0,79.5,11,2024,1
88980000.0,77.7,12,1990,1
59840000.0,44.3,3,1985,5
78760000.0,46.6,7,2021,4
71490000.0,64.0,2,2008,2
97250000.0,93.1,12,1993,2
34860000.0,27.5,8,2016,0
85260000.0,67.0,11,2000,0
50600000.0,37.2,10,1998,5
61590000.0,50.6,5,1996,1
97790000.0,55.4,3,2008,3
88110000.0,54.4,16,1990,3
52980000.0,52.4,5,1999,2
87040000.0,62.1,2,1997,4
78850000.0,52.4,5,1987,3
68560000.0,35.7,15,2015,3
0.0,76.0,5,1985,1
99200000.0,75.6,16,2023,1
124220000.0,77.2,8,1988,3
42350000.0,34.3,14,1999,1
74990000.0,67.4,11,1988,1
118770000.0,74.2,1,1999,3
60460000.0,43.4,9,2009,4
84260000.0,62.2,7,1988,5
65130000.0,59.9,4,2006,1
154200000.0,95.2,9,2015,4
167640000.0,96.6,2,2003,3
30780000.0,32.0,12,1989,2
162660000.0,106.9,14,2012,5
37410000.0,45.5,2,1992,2
123720000.0,79.7,8,1985,3
143890000.0,79.5,11,2002,3
69780000.0,44.1,1,1995,3
70720000.0,70.9,7,1986,2
65300000.0,60.1,5,2016,2
77490000.0,72.0,1,2008,2
97430000.0,66.2,13,2021,0
126980000.0,83.5,8,2004,5
93660000.0,63.4,13,2002,5
72330000.0,59.0,10,2018,2
110180000.0,81.7,15,1988,4
126210000.0,72.4,16,1999,3
81360000.0,75.2,10,2016,2
88370000.0,50.0,6,1996,3
70220000.0,43.2,7,2020,4
77940000.0,51.8,14,1996,5
74160000.0,50.8,7,2001,4
84920000.0,76.2,9,2020,2
79110000.0,79.6,4,1994,2
94370000.0,59.2,16,2023,4
125730000.0,87.8,11,1986,5
85750000.0,86.6,6,1995,2
80910000.0,66.4,10,2008,0
64320000.0,47.2,7,2008,4
144790000.0,90.4,3,2021,5
105680000.0,60.9,14,2023,5
98500000.0,64.3,15,2012,5
71800000.0,55.9,14,2011,1
65760000.0,46.0,6,1997,4
39760000.0,35.6,5,2017,2
113390000.0,73.4,1,2010,4
63980000.0,47.9,12,1985,4
174690000.0,117.1,6,2018,4
59630000.0,42.5,15,1999,4
49650000.0,39.4,14,2004,1
129700000.0,71.2,3,2004,3
107350000.0,89.5,15,2017,2
67740000.0,63.2,3,1995,1
102820000.0,72.3,8,2000,4
25390000.0,28.8,8,1986,1
80160000.0,49.8,16,1998,5
61540000.0,42.7,11,1988,4
37920000.0,27.9,15,2008,0
107700000.0,64.1,10,2020,5
37380000.0,25.0,14,2003,0
68950000.0,38.2,14,2021,5
104830000.0,52.3,14,2024,3
46680000.0,47.0,7,1987,2
118750000.0,69.1,7,2005,3
74740000.0,67.5,16,2006,2
83540000.0,78.1,13,2000,2
124060000.0,75.5,15,2018,5
0.0,82.5,10,2000,0
87510000.0,62.0,15,1987,4
94060000.0,67.5,12,2006,0
82810000.0,71.2,12,1993,0
64880000.0,64.5,3,1999,2
82720000.0,54.9,10,2005,4
77170000.0,56.0,12,2013,0
76190000.0,47.3,13,1996,3
107860000.0,69.6,16,2000,4
82390000.0,60.3,6,1987,4
77490000.0,50.1,5,2000,5
82440000.0,50.1,16,2008,4
48450000.0,40.2,16,2009,1
131380000.0,79.6,3,1996,3
83530000.0,63.4,7,1987,5
69290000.0,46.5,16,2008,4
77550000.0,76.6,4,2011,2
63750000.0,51.9,13,1988,0
58400000.0,36.7,2,2005,5
76070000.0,80.4,3,1988,2
89560000.0,52.3,13,2003,3
71640000.0,54.6,10,2010,1
75460000.0,62.7,9,2013,1
91790000.0,82.6,14,2013,2
72230000.0,62.4,5,2015,2
41840000.0,40.4,9,1994,0
96710000.0,71.8,10,2018,1
69290000.0,53.3,12,1998,4
113220000.0,96.0,6,1999,1
75680000.0,62.0,11,2016,1
41370000.0,25.0,8,1998,4
90900000.0,68.4,9,1987,5
117180000.0,97.0,14,2013,1
99080000.0,90.4,7,2011,2
166190000.0,95.0,11,2008,3
53370000.0,43.6,16,1990,4
126520000.0,78.4,13,2010,5
50750000.0,49.0,16,1992,0
94660000.0,66.0,10,2007,4
45540000.0,39.1,5,2005,1
68180000.0,50.4,16,2015,1
63130000.0,49.8,11,2024,2
93430000.0,78.2,4,1992,1
107350000.0,76.4,6,1989,5
108040000.0,67.0,5,2007,3
54800000.0,37.7,14,2023,0
0.0,56.4,2,1991,1
55990000.0,48.6,12,2004,2
99780000.0,77.7,9,2001,0
133710000.0,83.2,2,1997,3
121730000.0,81.0,10,2011,4
56390000.0,48.4,13,1996,2
31160000.0,25.0,12,2004,4
51580000.0,30.2,9,2018,3
152010000.0,87.6,6,2000,3
70750000.0,54.8,3,1985,4
86380000.0,48.5,1,2020,3
112190000.0,91.6,6,1995,1
111160000.0,84.8,11,2015,1
95850000.0,62.4,1,2015,4
65170000.0,56.7,16,2006,1
102380000.0,59.6,10,1988,3
76450000.0,66.1,5,2023,2
120860000.0,90.8,16,2012,1
86910000.0,69.6,3,2001,1
96700000.0,75.1,16,2019,1
133790000.0,83.0,5,2016,5
69610000.0,40.9,7,2015,4
127440000.0,75.6,7,1991,3
63730000.0,56.7,16,2010,1
37440000.0,25.0,5,1996,4
39030000.0,25.0,16,1988,3
69000000.0,43.7,6,1998,3
102230000.0,71.6,5,1989,5
69970000.0,64.0,11,1989,0
117150000.0,65.3,12,2014,3
99360000.0,97.1,6,2005,2
56970000.0,39.2,3,2000,5
84460000.0,61.5,7,1992,4
101270000.0,67.5,9,2015,4
80360000.0,48.7,1,2010,4
100130000.0,62.5,2,2008,5
52930000.0,33.2,15,1992,4
83760000.0,87.4,1,1989,2
76820000.0,49.7,7,1989,3
100570000.0,98.6,13,1986,2
0.0,61.4,6,2023,0
134760000.0,80.5,8,1999,3
96140000.0,61.0,2,2011,4
82180000.0,61.4,13,2024,0
86070000.0,51.5,11,2022,4
93210000.0,64.1,14,1997,4
685800000.0,67.7,14,2004,2
85960000.0,47.9,6,2003,3
70810000.0,59.7,1,1986,1
92990000.0,51.0,6,2015,3
178270000.0,103.4,3,2007,3
70180000.0,60.4,9,1999,2
110790000.0,89.8,3,2007,0
85120000.0,58.5,15,2014,4
75130000.0,66.7,10,1985,1
67120000.0,38.2,5,2010,5
71790000.0,54.0,15,2019,1
106160000.0,65.8,13,2014,4
105130000.0,90.5,8,2009,1
71400000.0,66.0,3,1988,1
88710000.0,86.9,6,2014,2
97870000.0,73.5,10,2015,1
104930000.0,91.3,13,2004,1
60240000.0,60.9,5,2008,2
160910000.0,105.0,12,2009,4
67010000.0,53.3,5,1989,0
55180000.0,48.2,4,1995,1
54370000.0,40.2,8,2016,1
141680000.0,104.0,3,2023,1
92760000.0,76.8,7,1995,0
80320000.0,56.0,6,2001,5
161780000.0,84.5,5,2021,3
104390000.0,74.4,13,1991,4
116370000.0,97.4,6,1995,1
48870000.0,34.1,12,1987,5
75060000.0,57.2,12,1994,4
87980000.0,53.7,11,2010,5
32850000.0,26.5,5,1998,0
92440000.0,81.1,14,2024,2
106090000.0,57.1,4,2020,3
96780000.0,75.3,5,2020,1
165800000.0,104.5,14,2014,4
55570000.0,55.6,6,2013,2
80110000.0,54.4,12,2005,5
107840000.0,64.1,1,2024,5
132570000.0,79.8,10,1988,3
70320000.0,51.8,14,2013,1
383220000.0,50.6,12,1990,2
105820000.0,81.0,10,1998,0
74170000.0,68.8,14,1995,2
22490000.0,25.2,5,2009,2
52500000.0,39.9,7,2016,4
119530000.0,89.0,2,1988,4
109190000.0,69.2,12,2009,4
54100000.0,48.3,12,1993,2
79260000.0,58.9,13,1988,5
112840000.0,62.2,12,2001,3
71790000.0,75.2,3,2008,2
52910000.0,37.6,11,1993,5
46540000.0,46.9,13,2000,2
82080000.0,66.9,4,2023,2
76090000.0,60.2,8,1998,1
142330000.0,72.3,15,2024,3
49570000.0,39.9,7,2018,0
88720000.0,68.4,13,1999,0
103490000.0,81.6,9,2008,1
102680000.0,70.8,11,2013,4
90360000.0,64.5,11,2003,5
80150000.0,60.3,11,2001,0
54630000.0,47.0,13,1998,1
81140000.0,60.7,15,1990,5
111180000.0,84.7,5,1985,4
86850000.0,59.9,15,1998,4
74960000.0,46.0,11,2016,5
80680000.0,53.1,10,1994,3
101870000.0,65.6,6,1992,5
82860000.0,55.3,7,1998,4
91180000.0,70.7,11,2008,0
80570000.0,71.4,6,1993,1
78520000.0,78.0,5,1993,2
93480000.0,87.6,14,1989,1
100340000.0,79.9,7,1998,0
68220000.0,45.2,11,1993,3
84720000.0,45.7,1,2018,3
75830000.0,60.6,2,2021,1
62720000.0,53.9,14,1999,0
52740000.0,41.5,3,1988,1
76100000.0,54.0,13,1988,5
66780000.0,53.5,15,1997,0
44090000.0,49.9,8,2003,2
70510000.0,56.3,15,2006,0
119800000.0,83.2,7,1997,4
,65.6,16,1999,0
121940000.0,106.5,4,1996,0
97250000.0,65.1,7,2005,4
73570000.0,56.8,7,2012,1
64050000.0,62.1,13,1986,2
78430000.0,66.6,1,2004,1
101800000.0,69.8,14,2010,5
1331820000.0,99.4,1,2011,4
53490000.0,46.8,6,2007,1
103300000.0,77.5,10,2006,0
72540000.0,65.7,3,2012,1
40450000.0,33.7,8,2000,0
104510000.0,75.9,16,2007,0
99340000.0,84.8,14,1997,1
71500000.0,46.6,1,2002,4
66210000.0,61.8,10,1989,0
39820000.0,30.9,10,1999,5
49970000.0,39.3,2,1990,1
80810000.0,80.9,11,1994,2
78100000.0,53.6,9,2001,4
46920000.0,42.0,11,2005,1
76570000.0,66.1,5,2022,2
53230000.0,52.6,5,1986,1
94080000.0,53.5,12,2020,5
87460000.0,75.3,12,1998,2
68180000.0,41.1,3,2013,5
70740000.0,45.7,4,2012,5
113400000.0,64.8,10,2023,3
82090000.0,79.4,14,1989,1
149080000.0,84.3,4,2023,5
43600000.0,50.0,4,1987,2
102820000.0,78.9,13,2020,1
54840000.0,47.9,12,2011,2
170060000.0,94.9,15,2004,3
61780000.0,41.6,13,2000,5
93920000.0,85.9,16,1988,1
745740000.0,50.2,4,2017,5
149960000.0,98.2,5,2014,4
115030000.0,72.6,4,2022,4
60650000.0,43.7,1,2014,0
71310000.0,52.6,13,2023,1
151480000.0,76.1,11,2020,3
124780000.0,80.9,2,2002,5
82060000.0,60.7,4,2013,1
83750000.0,62.8,4,1995,4
141480000.0,75.7,7,2016,3
98780000.0,64.4,8,2009,5
41800000.0,38.7,5,2002,2
0.0,47.4,15,2010,2
93530000.0,66.2,4,1996,4
114490000.0,83.9,9,2009,1
115990000.0,91.1,8,2003,1
117140000.0,76.0,7,1997,5
93650000.0,67.2,14,2024,1
108100000.0,75.5,16,1987,4
49890000.0,50.0,1,2015,2
63990000.0,59.2,8,1993,2
42680000.0,47.2,2,1993,2
51860000.0,39.5,7,1991,4
98340000.0,68.0,10,1989,5
97210000.0,65.3,7,1989,5
113260000.0,74.4,5,2018,4
119030000.0,71.8,5,2022,5
104670000.0,66.4,5,2008,5
111030000.0,72.0,6,1985,3
88150000.0,61.2,6,2019,0
105050000.0,69.4,12,2009,0
77260000.0,48.9,2,2005,5
93600000.0,68.7,1,2022,0
88080000.0,74.0,9,2001,0
73350000.0,49.9,11,1999,5
94900000.0,62.9,5,2016,4
67650000.0,50.8,4,2006,0
72330000.0,52.5,10,2013,0
43950000.0,41.8,7,2012,2
118930000.0,84.8,12,2018,1
132200000.0,81.2,3,1997,3
67950000.0,71.7,2,1987,2
152450000.0,97.5,9,2004,5
67120000.0,58.6,7,2010,2
156950000.0,116.6,12,2017,1
68770000.0,57.9,9,1995,1
94120000.0,66.6,6,2014,0
99260000.0,54.8,3,2018,3
116680000.0,68.7,3,2017,5
146110000.0,77.0,13,2017,3
120810000.0,59.9,4,2024,3
95800000.0,94.0,9,2011,2
74890000.0,66.3,14,1999,1
88070000.0,66.9,15,2002,0
39880000.0,45.6,5,2014,2
103060000.0,69.5,2,1994,5
110090000.0,59.6,13,2009,3
60890000.0,51.1,11,2007,1
62090000.0,48.0,6,2011,0
183040000.0,110.1,10,2001,3
71410000.0,57.3,4,2014,1
54280000.0,35.8,12,1987,3
51960000.0,49.4,12,2014,2
93370000.0,61.1,5,2017,4
113810000.0,71.8,8,2020,4
99550000.0,72.0,6,2021,0
113280000.0,74.2,1,1998,4
46240000.0,50.4,3,1986,2
75610000.0,68.1,16,2011,2
42040000.0,46.2,8,1988,2
,50.8,3,1996,2
63470000.0,45.5,1,2013,4
54820000.0,40.6,6,2008,4
139390000.0,81.2,16,2009,3
137030000.0,74.4,7,2015,3
82070000.0,79.6,16,1991,2
78370000.0,62.7,8,2016,0
117160000.0,76.0,13,2008,5
25850000.0,30.3,13,2001,2
117440000.0,77.5,1,2003,5
117670000.0,65.2,1,2005,3
127030000.0,73.3,15,2007,3
102160000.0,68.8,15,1998,5
56430000.0,44.2,3,1993,1
43530000.0,35.0,11,1991,0
70150000.0,49.2,15,1998,5
88650000.0,72.2,16,1995,0
111680000.0,74.4,5,2005,5
53980000.0,37.4,14,2021,0
44840000.0,44.3,11,1989,2
67020000.0,49.0,15,1997,5
87540000.0,55.6,3,1986,3
49840000.0,37.5,10,2023,1
51070000.0,36.4,1,2013,0
50240000.0,47.2,6,1994,2
738630000.0,63.6,1,2001,0
43620000.0,40.7,8,2013,2
73100000.0,59.9,13,2023,2
102080000.0,81.1,11,2007,0
51180000.0,38.6,6,1995,5
61230000.0,58.3,7,2012,1
101790000.0,80.4,6,2012,1
79600000.0,54.5,12,2010,4
82340000.0,51.7,5,1986,3
103470000.0,82.9,2,2013,0
85130000.0,56.5,9,1985,3
110680000.0,81.9,14,2021,1
107420000.0,69.7,8,2020,4
61200000.0,55.8,4,2007,2
74330000.0,70.6,1,2010,2
106390000.0,67.8,16,1987,3
113700000.0,80.4,13,2019,0
67320000.0,52.1,3,1995,0
63040000.0,62.7,2,1995,2
63820000.0,60.9,3,2013,2
124140000.0,74.7,7,2022,5
77780000.0,43.5,13,2004,3
120030000.0,80.3,3,2005,5
104120000.0,70.4,14,2006,4
61840000.0,38.3,1,1996,3
131030000.0,83.7,12,2008,5
169160000.0,102.2,5,2023,5
112930000.0,80.0,16,2000,5
162740000.0,87.7,8,2015,3
120190000.0,63.5,5,2015,3
35050000.0,32.1,4,2019,1
47900000.0,28.8,14,2013,5
116090000.0,66.6,7,2021,5
58890000.0,51.3,6,2013,2
75820000.0,45.5,12,2024,5
106660000.0,60.9,9,2013,3
96000000.0,73.1,11,2018,1
58440000.0,35.9,8,2020,4
103640000.0,53.9,2,2024,3
1411830000.0,89.2,1,2008,3
72920000.0,42.6,1,2013,3
149820000.0,77.7,10,2023,3
68690000.0,53.3,9,2000,0
81130000.0,71.8,12,1989,1
131340000.0,81.8,15,2020,4
101320000.0,75.3,3,2010,1
111760000.0,78.4,16,2002,4
60600000.0,41.3,15,2013,0
87190000.0,82.0,10,1986,1
85200000.0,46.7,9,2004,3
82180000.0,66.7,3,1995,1
65780000.0,66.6,3,1996,2
106490000.0,70.7,1,2023,0
103830000.0,68.1,11,2007,4
60240000.0,46.8,7,1990,4
43150000.0,37.7,4,1999,1
131670000.0,77.7,3,1994,3
95010000.0,65.3,2,2021,0
117430000.0,82.7,11,1996,5
62000000.0,61.2,11,1999,2
62240000.0,36.7,11,1998,3
107390000.0,79.4,2,1992,4
111250000.0,55.3,1,2016,3
103580000.0,68.2,2,2008,4
52020000.0,50.3,13,2002,2
136810000.0,91.6,12,2000,4
81450000.0,46.2,5,2011,3
82560000.0,55.9,1,1988,5
78640000.0,63.9,6,2022,1
652680000.0,42.3,13,2007,3
115300000.0,67.9,3,1994,3
141790000.0,91.0,13,2006,4
66880000.0,53.2,8,2019,1
74650000.0,69.1,3,1991,1
32860000.0,25.0,15,2005,1
105810000.0,61.3,9,2008,3
0.0,56.4,11,2017,1
54000000.0,47.3,2,2007,2
124360000.0,81.5,6,2014,4
83490000.0,56.1,11,2015,5
0.0,58.8,11,2020,0
0.0,55.2,2,1999,3
22840000.0,27.5,10,2013,2
46710000.0,41.6,16,1994,1
120070000.0,79.3,13,2018,4
47160000.0,25.0,4,2023,4
64790000.0,48.2,15,1996,1
77810000.0,54.8,11,2007,4
148260000.0,93.4,1,2017,4
83850000.0,75.8,3,1986,0
79090000.0,52.0,15,2013,4
103320000.0,85.5,4,2017,2
65560000.0,48.7,2,2019,0
77660000.0,80.2,8,1992,2
44570000.0,37.5,9,2015,1
95510000.0,81.3,10,2016,2
62430000.0,54.7,11,1985,5
46140000.0,43.5,16,2013,2
103550000.0,58.1,13,2010,3
74940000.0,67.0,1,2023,2
77170000.0,53.1,2,1986,5
101400000.0,72.0,1,2023,1
84860000.0,51.5,7,2007,3
93140000.0,73.2,6,1995,1
66260000.0,70.0,15,2000,2
100190000.0,60.9,6,2015,4
88890000.0,54.1,1,2024,4
93700000.0,64.7,15,1997,5
136110000.0,71.9,5,2024,3
124370000.0,99.1,15,2010,1
95380000.0,78.9,13,1992,0
81740000.0,79.6,15,2008,2
160270000.0,117.6,14,2017,0
96490000.0,71.3,3,1987,5
106880000.0,70.7,11,1988,3
99820000.0,74.7,7,1985,5
63820000.0,43.8,11,2007,5
58020000.0,54.0,12,1987,1
72350000.0,52.9,9,2022,1
100880000.0,73.7,6,1990,4
100440000.0,58.9,15,1987,3
65850000.0,64.5,11,1995,1
107070000.0,81.6,15,2015,1
88890000.0,77.5,4,2021,2
904680000.0,59.1,14,1995,3
79990000.0,49.9,6,2005,5
133520000.0,82.4,8,2015,5
104210000.0,75.9,14,2016,0
36460000.0,33.1,6,1991,0
91810000.0,56.4,5,2018,4
0.0,65.0,15,2019,2
0.0,76.0,16,2014,3
83150000.0,78.4,5,2006,2
111600000.0,67.1,5,2000,3
94910000.0,72.5,4,2020,1
86870000.0,63.2,1,2019,0
66250000.0,49.9,9,2005,1
90290000.0,57.3,5,2014,0
79070000.0,62.3,14,2000,1
93070000.0,61.4,3,2014,4
42000000.0,28.1,11,1988,5
65530000.0,54.8,9,2021,2
105840000.0,63.0,10,2005,3
65700000.0,56.9,2,2008,1
79120000.0,57.6,8,1992,4
705690000.0,70.8,11,2006,2
42540000.0,42.6,6,1985,0
40340000.0,32.7,14,2020,1
103810000.0,55.7,9,2014,3
111240000.0,75.8,6,2003,4
152060000.0,92.4,1,2018,4
79900000.0,76.1,3,2017,2
59720000.0,35.6,8,1989,5
71210000.0,57.8,7,1987,4
89310000.0,66.6,14,1995,5
100990000.0,65.2,13,1985,3
84130000.0,71.7,3,2007,1
79380000.0,45.5,10,2006,3
93820000.0,63.2,8,2006,4
92370000.0,69.6,2,1987,4
84810000.0,76.9,11,2021,2
69140000.0,47.5,9,2024,0
68100000.0,55.8,2,2008,1
27990000.0,25.0,8,1985,2
75690000.0,50.8,12,2000,5
54080000.0,52.6,6,2013,2
52110000.0,43.6,6,2014,0
105670000.0,65.0,2,1994,3
95270000.0,61.0,4,2017,5
36970000.0,25.0,16,2023,5
86990000.0,65.9,10,2005,0
58190000.0,45.3,3,2000,4
110930000.0,70.7,8,2006,4
52390000.0,38.9,4,1986,4
92400000.0,62.5,8,2005,4
58400000.0,56.9,3,1986,1
77240000.0,67.5,10,1986,1
68520000.0,64.2,10,2007,2
67490000.0,57.4,11,2005,1
40710000.0,34.3,8,2024,2
36580000.0,35.4,5,2005,1
66540000.0,51.5,4,2024,0
93100000.0,61.9,4,2017,4
77420000.0,51.1,7,1998,5
118450000.0,73.3,8,2022,4
102780000.0,57.0,11,2004,3
75120000.0,44.6,1,2008,3
82850000.0,57.0,5,1989,5
107090000.0,66.1,14,1993,3
101020000.0,67.8,15,2005,5
118320000.0,95.8,15,1995,0
88070000.0,50.0,5,2008,3
93420000.0,60.7,3,1988,3
80880000.0,69.7,4,1995,1
110030000.0,61.6,3,2011,3
65630000.0,53.0,16,2009,1
54000000.0,34.1,15,2024,4
55030000.0,52.8,13,2020,2
55910000.0,42.7,12,2017,1
44760000.0,30.9,6,1985,3
47380000.0,47.7,8,2009,2
41970000.0,43.2,14,1994,2
86890000.0,72.5,14,1995,1
84090000.0,72.8,9,1993,1
76490000.0,45.7,14,2003,3
78690000.0,57.3,6,1989,5
32910000.0,28.6,7,2006,2
63170000.0,53.1,14,1991,4
87860000.0,69.2,7,2005,1
109310000.0,76.8,13,2010,4
42680000.0,49.2,8,1992,2
88450000.0,80.9,5,1989,1
72900000.0,34.7,4,2017,3
57370000.0,39.5,10,2014,1
89450000.0,74.8,8,1995,1
106520000.0,92.1,6,2020,2
73730000.0,70.9,12,1993,1
99690000.0,61.3,1,2022,4
21940000.0,25.0,2,1989,2
37570000.0,25.6,16,2011,5
70870000.0,64.3,11,1985,1
88060000.0,55.6,9,1992,3
46990000.0,42.1,1,2001,2
92140000.0,63.2,10,1988,3
98310000.0,64.1,7,2003,5
,79.0,10,1994,5
88970000.0,64.5,1,1988,5
137800000.0,84.1,9,2023,4
67790000.0,62.1,10,2024,2
70020000.0,59.9,5,2023,2
91060000.0,81.2,1,1991,1
53010000.0,44.4,16,2000,0
137830000.0,112.7,12,1998,0
84670000.0,68.8,10,1998,0
114160000.0,68.9,13,2001,3
124350000.0,71.5,11,2005,3
99530000.0,95.8,3,2004,2
0.0,76.3,8,1996,1
53330000.0,33.1,15,2024,0
103250000.0,87.3,5,2024,2
67770000.0,55.9,16,1998,0
104550000.0,63.9,2,1993,3
56490000.0,39.0,6,2006,5
82930000.0,71.5,6,1999,1
57250000.0,50.3,10,2024,2
104170000.0,63.8,3,2002,3
64090000.0,56.9,4,1986,1
112520000.0,96.7,11,1990,0
135020000.0,97.7,5,1987,5
92190000.0,62.8,15,2000,5
85850000.0,63.2,14,1997,1
73920000.0,55.3,5,2019,0
128480000.0,81.9,9,2020,5
60050000.0,56.1,6,1990,0
79490000.0,54.4,6,2022,0
125140000.0,79.6,11,2008,4
71420000.0,52.3,5,1997,4
68470000.0,61.3,3,2001,2
53910000.0,33.5,5,2002,5
119390000.0,74.7,15,1991,3
153250000.0,96.9,5,2019,4
104220000.0,75.0,6,1985,5
106270000.0,88.3,11,1987,0
55790000.0,46.8,2,1995,1
91530000.0,66.3,5,1990,5
42250000.0,45.0,3,1987,2
91390000.0,57.9,15,2000,4
110420000.0,75.9,15,2000,4
65450000.0,63.8,13,1990,2
49820000.0,36.6,4,2017,1
73040000.0,38.3,10,2020,3
67710000.0,37.1,11,2013,3
94780000.0,70.8,14,2005,0
135310000.0,99.2,3,2022,1
146630000.0,86.5,12,1999,3
30810000.0,27.9,4,2002,1
102280000.0,87.6,10,1985,0
126910000.0,78.9,15,2013,5
52820000.0,34.2,1,1988,3
112120000.0,56.5,3,2011,3
99700000.0,81.7,14,2016,1
74890000.0,71.9,1,1993,2
57170000.0,38.4,11,2009,5
104020000.0,73.0,9,1997,4
473220000.0,25.0,6,2000,3
71250000.0,58.0,14,2006,0
97100000.0,82.5,14,1994,0
114640000.0,62.3,6,2016,3
73010000.0,53.0,1,2000,4
122800000.0,78.0,3,2003,5
128640000.0,79.5,2,2017,5
127120000.0,85.6,16,1994,5
88740000.0,77.7,10,2003,1
148910000.0,81.5,11,2024,3
112200000.0,75.2,4,2000,5
58230000.0,66.8,14,1989,2
99630000.0,63.6,12,1996,5
103880000.0,57.7,13,2023,3
61310000.0,40.2,8,2015,5
72280000.0,44.8,12,2017,4
63550000.0,56.9,9,1995,1
85270000.0,66.3,7,2018,0
98510000.0,87.9,10,2000,2
64440000.0,61.2,6,2016,2
132970000.0,80.1,16,2020,5
92360000.0,81.4,12,1993,1
69450000.0,57.8,12,2022,2
131650000.0,72.7,12,2010,3
86120000.0,57.6,8,2014,4
94170000.0,85.8,16,2015,2
86540000.0,73.4,4,1991,0
57810000.0,40.6,10,2014,0
85280000.0,64.9,2,1993,4
99730000.0,91.7,5,1995,2
90280000.0,58.7,10,1989,3
100770000.0,70.1,8,1992,5
97250000.0,71.8,16,2024,0
59220000.0,43.3,10,1998,5
99140000.0,71.2,7,2000,4
50480000.0,36.9,7,2004,4
,50.7,10,2013,3
82980000.0,81.4,13,2007,2
91350000.0,68.4,5,2006,0
101950000.0,56.5,10,2018,3
86100000.0,70.0,10,2004,0
81070000.0,60.9,1,2015,0
121400000.0,62.2,15,2021,3
134000000.0,73.8,10,2012,3
45990000.0,48.9,4,1986,2
85990000.0,62.7,11,1995,5
65920000.0,56.4,11,2009,1
37800000.0,33.5,15,2004,0
72010000.0,45.4,1,1996,5
136310000.0,90.2,7,1998,5
77210000.0,68.9,3,1988,0
35710000.0,38.2,10,1994,2
50500000.0,34.3,9,2016,4
89610000.0,60.0,8,1985,3
144590000.0,90.1,16,2018,4
86030000.0,58.6,9,1998,5
166550000.0,85.5,7,2017,3
117400000.0,68.3,2,1995,3
921330000.0,70.5,5,2018,0
69470000.0,38.0,15,2007,3
145790000.0,78.9,8,2019,3
90370000.0,56.0,15,1987,3
120160000.0,77.5,9,2016,4
61300000.0,47.3,9,1995,1
82900000.0,65.2,7,1999,0
76110000.0,68.3,9,1986,1
96650000.0,59.2,2,2023,4
98610000.0,69.3,1,2010,0
71380000.0,57.2,8,2024,1
85930000.0,50.3,10,2007,5
107550000.0,90.9,9,1991,0
114730000.0,80.9,7,1998,5
67380000.0,48.3,5,2002,4
74640000.0,72.2,12,1990,1
58620000.0,48.6,10,2022,2
61940000.0,40.7,1,2023,4
,80.6,8,2007,0
51640000.0,31.3,12,2008,4
97740000.0,78.7,13,2013,1
75760000.0,57.5,5,2012,0
50330000.0,58.2,15,1987,2
72140000.0,69.4,11,2006,2
109180000.0,72.5,8,2016,0
77360000.0,47.1,11,2017,4
79320000.0,74.9,14,2008,2
86610000.0,64.0,4,2020,0
59130000.0,39.4,3,2008,4
70660000.0,58.9,8,2000,1
88630000.0,86.9,2,2002,2
143810000.0,92.2,14,2012,4
100410000.0,74.9,16,2020,0
42920000.0,40.6,10,1994,1
101290000.0,70.8,16,1996,4
113500000.0,77.3,2,2011,4
120110000.0,75.1,11,2015,4
95330000.0,76.1,8,2000,0
66970000.0,68.5,5,2010,2
57680000.0,60.7,5,1985,2
55780000.0,51.0,9,1996,0
47920000.0,27.8,11,2023,4
0.0,68.1,3,2008,2
115900000.0,65.3,10,2019,5
108410000.0,72.0,15,1993,5
42220000.0,37.9,1,1996,0
95850000.0,73.6,15,2023,0
112180000.0,99.0,10,2024,2
0.0,63.4,6,2020,5
97400000.0,60.9,12,1997,5
92620000.0,67.6,10,2017,0
148220000.0,98.6,13,2003,4
67940000.0,43.6,2,2018,4
108440000.0,65.7,1,2019,5
57180000.0,47.6,11,2002,1
78430000.0,52.2,5,1997,4
87530000.0,61.1,4,2023,0
85940000.0,86.3,7,2003,2
150050000.0,94.4,12,2002,5
124640000.0,70.1,3,2011,3
102900000.0,55.2,16,2022,3
115310000.0,106.9,7,1990,0
95010000.0,54.3,3,2024,5
62310000.0,51.7,2,2001,1
42190000.0,30.1,14,1986,5
143350000.0,87.1,2,1997,3
98870000.0,79.4,7,2003,0
114120000.0,105.5,11,2012,2
41350000.0,37.0,9,2007,2
1151280000.0,88.2,5,1990,5
108550000.0,63.3,2,2004,3
,76.5,12,1994,3
44960000.0,32.3,8,1995,4
95350000.0,88.4,1,2013,2
86450000.0,76.2,3,2017,2
54450000.0,61.3,10,1991,2
112280000.0,73.6,3,2009,4
63700000.0,48.2,7,2001,4
48340000.0,51.6,2,1998,2
78480000.0,53.7,13,2013,5
34090000.0,28.7,11,1994,0
148410000.0,77.5,13,2015,3
141440000.0,83.4,1,2001,3
71970000.0,49.4,7,1988,5
102560000.0,68.3,5,2016,0
108540000.0,57.2,10,2019,3
85330000.0,67.9,14,2007,0
75810000.0,50.7,4,2013,4
73720000.0,46.1,13,1990,3
79710000.0,80.9,10,1998,2
59680000.0,60.9,14,1998,2
113430000.0,98.4,2,2015,2
94130000.0,62.8,16,1999,4
43560000.0,45.3,7,2014,2
81740000.0,84.1,5,1997,2
77330000.0,73.4,3,2009,2
88380000.0,75.1,16,1993,1
113140000.0,83.4,15,2007,0
59000000.0,50.2,3,1988,2
78740000.0,59.7,8,2014,0
76700000.0,58.9,12,1986,4
57420000.0,38.8,10,2024,0
72270000.0,57.3,4,2018,1
151550000.0,86.1,6,2008,3
109600000.0,66.3,6,2021,5
59470000.0,37.8,5,2017,3
40770000.0,34.0,16,1990,0
142110000.0,92.0,4,2014,4
95940000.0,60.4,12,2000,5
83600000.0,50.3,15,2019,5
89850000.0,57.1,13,2019,5
56460000.0,35.4,13,2023,4
120000000.0,87.6,3,2003,4
70810000.0,54.9,3,1992,4
141020000.0,86.6,13,1990,3
88940000.0,62.9,12,1991,5
171700000.0,87.7,12,2024,3
109800000.0,66.6,7,2008,3
109990000.0,77.4,9,1999,4
107260000.0,74.9,1,2002,4
108480000.0,73.2,5,1991,5
91600000.0,68.3,9,2007,0
86810000.0,57.8,3,2002,4
114090000.0,96.5,3,2016,2
61590000.0,45.7,1,1985,5
105700000.0,62.1,4,2022,4
93700000.0,62.3,16,1987,3
78540000.0,69.2,12,2001,1
66960000.0,54.3,16,1998,1
116740000.0,67.7,5,2013,3
108180000.0,59.0,10,2011,3
40550000.0,33.5,15,1992,0
79990000.0,62.2,6,2004,1
44570000.0,42.2,11,2006,2
45360000.0,30.8,12,2003,4
72500000.0,64.5,14,1985,1
82190000.0,70.8,16,1992,0
89270000.0,71.5,10,2005,0
107510000.0,72.2,10,1995,5
33340000.0,27.2,14,2006,1
40810000.0,37.5,11,1991,1
177380000.0,97.5,6,2014,3
76260000.0,43.2,11,1992,3
77390000.0,73.0,9,2010,2
76700000.0,49.6,4,2018,4
84060000.0,63.4,9,1999,4
48980000.0,50.6,10,1990,2
81400000.0,72.1,15,1985,1
79730000.0,64.5,10,1999,1
86120000.0,53.9,3,1989,3
84790000.0,43.1,16,2020,3
116130000.0,66.8,10,2023,5
51230000.0,40.2,5,2024,2
83860000.0,69.7,13,2021,2
170780000.0,109.3,7,2008,4
87050000.0,86.3,6,1998,2
108600000.0,74.9,14,2002,5
72720000.0,60.5,14,1995,1
33740000.0,27.1,9,2018,2
52270000.0,38.2,6,2002,1
133130000.0,85.1,14,2000,5
71660000.0,47.8,3,2012,0
73300000.0,49.4,12,1999,4
85500000.0,59.0,10,1999,4
64660000.0,42.9,14,1994,3
39310000.0,39.9,7,1987,2
79080000.0,61.1,14,1986,4
70420000.0,46.0,1,2001,5
93520000.0,48.7,13,2024,3
57360000.0,47.9,2,1995,1
94040000.0,71.4,11,2010,0
75000000.0,57.8,4,1997,0
76090000.0,58.8,16,1997,5
100370000.0,72.7,13,1991,4
78270000.0,59.4,2,2007,1
109780000.0,57.0,15,2011,3
108390000.0,70.5,5,1999,5
121730000.0,74.0,9,2006,5
88190000.0,59.4,2,2004,4
92900000.0,63.5,2,1995,5
75730000.0,47.9,4,2012,4
60520000.0,46.5,9,2007,0
85090000.0,75.8,9,1987,0
105550000.0,70.0,14,2004,5
0.0,70.2,3,2000,1
77160000.0,67.1,12,2016,2
73590000.0,62.8,1,1997,1
84830000.0,74.5,5,2023,2
96220000.0,78.8,3,2009,1
113460000.0,78.4,2,1990,5
75200000.0,60.2,10,2001,1
110490000.0,87.0,15,2020,1
75430000.0,66.1,11,1995,0
102410000.0,73.4,14,2013,0
81440000.0,67.1,10,2016,1
74950000.0,66.4,1,2012,2
72170000.0,48.8,6,1988,4
113420000.0,74.6,14,1999,4
164340000.0,113.2,1,1998,4
95390000.0,55.3,2,1998,3
110300000.0,63.3,14,2020,4
74500000.0,54.0,2,1985,3
77360000.0,53.2,16,2006,4
124460000.0,89.8,13,2024,1
92390000.0,49.9,11,2020,3
75340000.0,53.5,9,2009,0
47240000.0,33.4,2,2024,0
82880000.0,48.4,7,2001,3
46110000.0,31.2,13,2009,4
92960000.0,73.4,15,2006,0
127850000.0,112.4,8,1986,0
65180000.0,55.4,14,1986,0
33410000.0,32.0,13,2020,2
96980000.0,78.2,1,1991,0
52600000.0,48.9,10,1999,2
156070000.0,85.4,10,2009,3
96010000.0,56.9,9,2008,3
68150000.0,50.6,13,2005,4
95940000.0,58.8,15,2024,4
114710000.0,75.6,9,2016,0
86430000.0,57.9,6,2022,0
68370000.0,53.1,16,2011,0
97000000.0,58.4,16,2024,4
72350000.0,39.1,11,2009,3
,69.1,11,2006,4
38980000.0,29.8,2,2017,2
85310000.0,54.0,7,2019,4
83330000.0,75.7,4,1987,1
113370000.0,67.5,9,2021,5
84130000.0,72.6,14,2012,2
66350000.0,60.8,4,2020,2
99210000.0,83.1,16,2013,1
128320000.0,78.6,3,2022,4
73350000.0,70.0,2,1996,1
107250000.0,78.7,16,1992,4
113310000.0,75.5,2,1992,5
78160000.0,54.1,12,1995,4
47450000.0,37.8,13,1993,1
108330000.0,69.6,6,2002,5
91380000.0,71.8,2,1992,1
,81.6,5,1991,4
56780000.0,45.1,2,2005,1
57460000.0,45.7,11,2016,1
116240000.0,70.3,15,1990,3
63860000.0,60.7,16,2005,2
44230000.0,28.1,13,2011,0
85670000.0,68.8,13,2013,1
37740000.0,28.7,15,1989,1
0.0,45.0,13,2014,3
119680000.0,86.3,11,1986,5
117080000.0,94.8,16,1994,0
50480000.0,40.1,6,1997,0
106290000.0,56.1,7,2019,3
85710000.0,62.8,15,1992,4
119120000.0,94.1,5,2016,1
70250000.0,53.1,5,2024,1
64910000.0,53.4,3,2023,1
94250000.0,89.9,5,1997,2
69510000.0,55.3,10,1988,4
89520000.0,75.0,15,1993,0
60240000.0,35.4,3,2015,5
88050000.0,58.9,11,1992,5
50210000.0,32.1,13,2010,3
53240000.0,43.0,15,1999,0
101230000.0,77.1,13,2015,1
76570000.0,61.1,3,2009,1
104840000.0,56.3,8,2008,3
86010000.0,48.5,16,2016,3
90090000.0,58.0,15,2023,5
87260000.0,67.4,10,1999,0
121700000.0,79.7,16,2006,5
30990000.0,25.0,11,2010,4
73460000.0,47.0,2,2017,4
88070000.0,64.9,15,2004,0
81250000.0,60.2,3,1999,4
123910000.0,69.3,7,2018,5
109850000.0,66.8,4,2023,5
73900000.0,56.5,12,2007,0
56950000.0,52.5,1,1989,0
95490000.0,57.6,11,1996,3
120650000.0,82.7,14,2003,4
82530000.0,48.8,13,2013,3
120600000.0,60.9,5,2011,3
100960000.0,65.3,15,2017,4
123110000.0,90.1,6,1986,5
86810000.0,56.6,11,2003,4
135080000.0,79.3,9,2013,5
123990000.0,84.2,2,2024,0
54350000.0,60.9,1,1990,2
77790000.0,58.2,3,2020,1
56990000.0,56.1,15,1985,0
68950000.0,57.4,16,1992,1
137420000.0,77.4,7,2018,3
100620000.0,66.2,16,2016,4
88800000.0,66.2,1,2023,1
64870000.0,41.7,16,2009,4
54700000.0,44.6,4,2009,1
136340000.0,100.6,1,2006,0
74840000.0,58.8,13,2005,1
86220000.0,48.1,7,2005,3
102720000.0,87.8,5,1996,0
82980000.0,67.1,13,2019,2
70800000.0,72.4,6,1999,2
81310000.0,59.5,13,2009,1
69460000.0,56.3,4,2011,2
93570000.0,58.9,2,2006,5
60260000.0,37.1,6,2009,4
82000000.0,60.4,10,1986,3
67250000.0,67.3,4,1997,2
167450000.0,95.3,3,2002,3
95230000.0,63.5,12,2000,4
23790000.0,25.0,8,2021,2
67630000.0,60.3,7,2020,2
112440000.0,111.3,4,2013,2
80980000.0,77.6,1,1999,2
37700000.0,47.4,1,1987,2
1237680000.0,72.6,11,2015,3
82500000.0,48.6,2,2020,4
55910000.0,37.6,4,2004,5
90330000.0,55.7,15,2018,4
119790000.0,63.6,6,2022,3
44940000.0,28.3,12,2006,5
36230000.0,41.3,6,1993,2
84750000.0,62.2,15,1985,4
78800000.0,54.7,14,2015,4
82630000.0,69.1,8,2007,0
44900000.0,40.1,11,1991,1
103760000.0,74.9,7,1987,5
58570000.0,40.7,16,2023,0
132910000.0,91.6,6,1997,5
59590000.0,31.1,14,1998,3
56580000.0,42.3,10,2010,0
117890000.0,69.5,11,1999,3
129440000.0,92.0,6,2021,0
126140000.0,67.7,14,2012,3
87690000.0,72.1,12,1999,1
92900000.0,62.3,14,1995,5
541440000.0,43.5,13,2019,1
49790000.0,53.2,3,2008,2
60310000.0,40.2,15,2021,5
64970000.0,39.0,14,1998,3
106640000.0,69.2,4,1985,3
72120000.0,41.8,16,2020,5
94590000.0,67.8,9,1994,4
63480000.0,38.6,6,2018,4
117050000.0,67.3,4,2013,3
0.0,53.2,6,1994,4
113100000.0,87.3,1,2015,0
76950000.0,67.8,12,1988,1
98030000.0,84.2,12,2000,0
82850000.0,48.4,11,1999,3
94630000.0,63.0,9,2011,5
52960000.0,44.3,6,2006,1
100550000.0,54.6,12,2009,3
74320000.0,57.3,14,2004,0
69340000.0,48.9,2,2014,4
42700000.0,40.1,7,1991,1
52990000.0,36.6,16,2013,5
20860000.0,25.0,14,1987,1
58360000.0,43.0,16,1988,4
135160000.0,73.3,3,2013,3
49230000.0,33.2,8,1991,5
63310000.0,37.4,3,2015,5
111530000.0,94.2,14,1990,0
47960000.0,50.5,9,1990,2
86220000.0,67.8,4,2022,1
117300000.0,73.6,2,1992,3
92890000.0,73.9,12,2021,1
37370000.0,34.6,13,1998,1
91010000.0,57.8,15,2016,4
55010000.0,32.9,16,2022,5
114620000.0,106.0,14,1989,2
35900000.0,33.3,13,1998,0
66830000.0,43.1,13,2007,5
54260000.0,43.3,16,2019,0
46820000.0,35.1,8,1992,4
83410000.0,86.3,13,1992,2
1001970000.0,105.6,14,1999,2
59340000.0,53.4,2,1993,1
62100000.0,38.2,12,1995,3
27890000.0,25.0,6,1990,0
101530000.0,57.6,3,2018,3
60360000.0,56.3,3,2016,2
47330000.0,50.3,2,1990,2
115670000.0,66.0,15,2006,3
89050000.0,69.1,13,2010,1
120110000.0,67.8,2,2010,3
90870000.0,56.3,11,2024,4
68460000.0,42.2,11,2010,3
120820000.0,74.0,9,2012,5
94360000.0,62.2,10,1986,3
108000000.0,78.0,15,1988,4
120550000.0,76.2,9,2009,4
50150000.0,36.4,11,2021,0
39010000.0,36.2,10,2000,1
73540000.0,48.4,7,2010,4
43890000.0,43.0,15,1993,2
90250000.0,75.6,7,2003,1
122870000.0,68.3,13,2015,3
127310000.0,81.8,10,2011,4
79290000.0,69.1,11,1989,1
0.0,65.8,13,2020,3
134360000.0,83.6,12,2022,5
105690000.0,70.5,10,2004,4
71360000.0,63.2,10,1998,1
109850000.0,88.6,9,2006,1
106050000.0,64.1,6,2017,5
51480000.0,56.5,12,2003,2
62720000.0,46.9,15,1986,4
102030000.0,74.7,12,1987,4
158550000.0,84.3,13,2017,3
112970000.0,61.1,14,2016,3
125520000.0,85.5,6,2015,4
34930000.0,26.5,2,1990,1
88850000.0,61.0,6,1991,5
98920000.0,61.3,13,2000,3
76870000.0,48.9,14,1994,3
152140000.0,104.9,9,2000,4
67620000.0,60.8,13,2007,2
0.0,54.7,2,1996,5
102660000.0,62.5,11,1989,3
30370000.0,25.9,11,2001,4
60710000.0,48.3,9,2013,0
77720000.0,79.7,12,2009,2
55790000.0,50.7,8,1997,1
53650000.0,47.1,9,1997,2
120260000.0,85.6,10,2008,0
98390000.0,86.1,13,1991,1
95680000.0,71.3,4,2018,0
69880000.0,53.8,5,2019,1
65310000.0,57.7,7,1986,1
57470000.0,47.5,4,2023,1
66180000.0,44.1,6,1985,3
71790000.0,43.2,6,2003,5
87170000.0,50.9,6,2011,3
48120000.0,43.4,7,1998,1
47040000.0,33.9,9,1993,4
63650000.0,65.9,12,1986,2
70790000.0,66.2,5,2014,2
107440000.0,92.6,14,1986,0
63280000.0,50.0,8,2004,1
92210000.0,67.3,12,2000,0
94960000.0,67.6,2,2023,0
96630000.0,57.4,3,2022,5
104300000.0,75.4,8,2017,1
81940000.0,76.0,6,2014,2
113400000.0,67.9,8,2006,3
68600000.0,57.4,3,1998,1
80480000.0,55.6,8,1991,4
72750000.0,37.4,11,2023,3
56180000.0,47.5,12,2000,1
68240000.0,50.8,4,2002,4
66610000.0,41.8,6,1990,3
75200000.0,69.9,9,1996,2
99970000.0,83.5,9,2010,1
68520000.0,45.7,13,2002,5
70460000.0,67.1,7,2008,2
49510000.0,43.4,11,1993,0
55230000.0,56.5,15,1988,2
81140000.0,49.6,5,2020,4
93990000.0,72.8,14,2002,0
47000000.0,49.8,6,1999,2
106480000.0,80.2,6,1996,4
104420000.0,57.6,11,2011,3
76550000.0,50.3,10,2007,5
74030000.0,39.4,9,2000,3
115170000.0,66.6,4,2022,4
97520000.0,78.1,2,2021,2
61980000.0,66.9,15,1992,2
184920000.0,102.3,14,2010,3
127330000.0,87.7,15,2023,0
100750000.0,56.5,9,2004,3
63720000.0,56.3,15,1986,0
105330000.0,70.5,8,1990,5
84170000.0,46.9,2,2011,3
110780000.0,83.0,4,2021,1
91210000.0,68.5,5,1990,5
101760000.0,66.6,7,2006,4
108570000.0,74.4,16,2004,4
132970000.0,93.0,6,1996,4
71540000.0,65.1,10,2010,2
80040000.0,60.0,5,2020,1
107940000.0,89.2,11,1994,0
78920000.0,79.4,10,1987,2
65760000.0,56.2,3,1999,1
86050000.0,62.1,8,1997,5
108390000.0,65.5,2,2014,5
116510000.0,68.5,15,2006,3
37940000.0,37.6,12,1985,0
53150000.0,34.2,16,1998,3
84970000.0,46.0,15,2014,3
76750000.0,44.6,4,2004,3
57080000.0,50.4,12,2007,0
105830000.0,73.4,2,1995,5
925830000.0,59.0,16,1997,3
556290000.0,65.5,13,1990,2
46170000.0,40.0,11,1988,0
55110000.0,53.7,16,1986,2
98690000.0,72.6,14,2009,0
121020000.0,72.7,14,1991,3
52700000.0,49.0,2,2007,0
112330000.0,64.9,1,2023,4
158680000.0,101.6,16,2012,4
118850000.0,61.7,5,2008,3
402030000.0,49.5,7,1989,2
83490000.0,58.9,1,2004,5
119690000.0,63.7,10,2020,3
99250000.0,59.3,14,2000,3
99890000.0,61.4,14,2018,4
62330000.0,36.0,10,2013,5
73210000.0,44.7,11,1995,3
83330000.0,59.3,9,1990,5
93690000.0,59.0,8,1985,3
72000000.0,51.8,9,1996,4
58410000.0,58.8,15,1998,2
117390000.0,63.1,5,2011,3
101500000.0,78.0,8,2007,1
108450000.0,60.2,10,2004,3
110870000.0,69.2,10,2013,5
58860000.0,52.3,1,2015,1
111090000.0,72.3,5,2013,4
87920000.0,68.8,11,2020,1
115560000.0,77.6,12,1999,5
99850000.0,74.8,12,2017,0
74950000.0,72.6,16,2001,2
93230000.0,60.2,11,1992,3
59370000.0,66.4,10,1990,2
114080000.0,81.1,6,1988,4
67160000.0,50.3,6,2023,0
72490000.0,50.7,14,1991,5
93780000.0,65.3,8,2018,0
98450000.0,69.5,12,2016,0
74960000.0,47.2,2,2002,5
98830000.0,60.7,3,2021,4
104080000.0,60.3,4,2021,5
40620000.0,25.0,4,2022,0
62630000.0,58.0,10,2004,2
52160000.0,59.2,11,1996,2
76510000.0,59.1,9,1986,4
147440000.0,87.5,5,2018,5
50240000.0,40.1,10,2019,1
67600000.0,47.2,2,2006,0
23610000.0,25.0,8,1987,2
69750000.0,53.3,3,2017,1
85260000.0,54.9,2,1996,5
,52.8,3,2006,2
89980000.0,81.9,2,2011,2
127520000.0,77.5,8,1990,3
64210000.0,63.4,9,1987,1
51950000.0,55.3,10,1988,2
96540000.0,80.5,8,2023,2
104650000.0,61.6,3,2023,5
55020000.0,47.3,1,2002,2
31140000.0,31.1,12,2002,1
75070000.0,54.1,16,2001,5
92610000.0,75.6,5,1999,1
112830000.0,103.0,4,2006,2
77890000.0,63.1,5,1999,0
53600000.0,48.2,4,2009,2
64200000.0,40.7,4,2000,5
87080000.0,71.9,8,2010,1
37490000.0,30.2,13,2022,1
117740000.0,71.9,12,1993,3
92880000.0,76.7,16,1987,0
,69.9,6,2006,1
55210000.0,58.0,8,1989,2
99660000.0,72.2,7,1994,4
121540000.0,65.1,1,2016,3
69540000.0,48.0,7,2001,4
164410000.0,95.3,5,2006,3
107550000.0,55.7,8,2016,3
83360000.0,76.0,3,1990,1
37260000.0,25.0,12,2004,5
,85.0,14,1986,0
90010000.0,88.4,16,2004,2
88690000.0,62.5,2,1993,4
83960000.0,72.1,2,2021,2
74470000.0,72.1,16,1995,2
52010000.0,50.4,14,1993,2
119820000.0,71.8,10,1985,3
43050000.0,47.4,6,1990,2
67280000.0,51.0,9,1993,5
90570000.0,82.3,9,1994,1
120620000.0,79.5,14,2014,4
64700000.0,49.3,9,2020,0
64560000.0,48.8,1,2019,1
101100000.0,50.4,12,2023,3
110800000.0,75.2,13,2020,0
55280000.0,44.0,5,2003,1
124310000.0,68.4,2,2000,3
113250000.0,75.4,3,2010,4
82820000.0,60.4,14,1997,5
125550000.0,80.2,8,2009,4
58390000.0,56.5,9,2024,2
63230000.0,58.2,16,1992,1
,44.4,1,2015,2
112440000.0,80.3,4,2022,0
50420000.0,48.2,14,2006,2
65090000.0,68.3,9,1999,2
85050000.0,60.7,1,1995,4
46020000.0,43.0,12,1991,2
75530000.0,51.0,3,1997,5
92880000.0,86.9,13,2014,2
64290000.0,65.6,13,2005,2
60110000.0,43.8,14,1993,5
119570000.0,67.5,8,2006,3
78730000.0,59.4,5,2017,1
132490000.0,124.2,15,1985,1
95330000.0,67.1,9,1985,3
79490000.0,55.1,11,2023,0
138330000.0,87.6,3,2014,5
53820000.0,28.9,10,2008,3
99420000.0,63.7,10,2021,4
149790000.0,97.9,5,2008,5
93190000.0,59.9,13,2005,5
39870000.0,30.8,3,1993,2
78250000.0,54.9,12,2017,0
144170000.0,88.2,16,2015,5
70600000.0,68.8,10,1996,2
78480000.0,46.9,2,2014,3
50530000.0,49.7,9,2014,2
71980000.0,51.9,9,1988,3
84450000.0,68.5,9,1991,1
158230000.0,86.1,5,2008,3
102680000.0,80.9,11,2009,1
89200000.0,70.2,5,2011,1
32640000.0,38.0,9,1999,2
51610000.0,38.1,10,2018,0
111520000.0,71.6,11,2002,4
37880000.0,37.8,13,1993,2
62520000.0,57.9,15,1989,1
100980000.0,67.5,13,2020,4
61260000.0,41.5,13,2013,0
63610000.0,43.6,14,2003,4
65650000.0,60.3,4,1993,0
64560000.0,71.1,5,1988,2
86680000.0,81.1,9,1991,1
81030000.0,72.9,8,1989,1
68040000.0,63.3,12,2006,2
67870000.0,48.6,1,1992,5
63800000.0,42.7,3,1990,5
87700000.0,52.8,12,1996,3
129450000.0,69.4,14,2012,3
85810000.0,68.1,5,2004,0
47920000.0,25.0,5,1991,5
59180000.0,47.9,9,2014,1
125060000.0,83.7,8,2004,5
71870000.0,63.4,3,1992,0
45490000.0,36.5,9,2012,1
193130000.0,104.4,14,2024,3
80810000.0,61.5,12,2006,0
90880000.0,68.9,14,1991,5
81690000.0,69.2,11,1997,1
63470000.0,55.4,15,2008,1
81750000.0,48.9,4,2024,5
192510000.0,100.2,1,2022,3
101520000.0,80.1,2,2022,2
122660000.0,76.8,16,2018,5
76680000.0,72.4,11,2007,2
63870000.0,43.9,4,2010,4
151440000.0,85.0,14,2014,3
56860000.0,46.8,5,2013,1
109780000.0,67.1,10,2010,5
42320000.0,32.5,4,1990,4
56520000.0,25.3,2,2020,3
106770000.0,67.7,5,1985,3
65040000.0,47.4,4,2002,4
30080000.0,26.2,9,2002,1
118890000.0,71.7,1,2024,5
99390000.0,100.2,4,1988,2
121620000.0,87.0,10,2004,4
91240000.0,57.4,7,1999,3
81370000.0,62.2,11,1988,4
96740000.0,78.0,11,1993,0
144800000.0,82.2,16,2001,3
69510000.0,55.8,14,2021,2
92360000.0,62.6,4,2000,4
88770000.0,67.4,12,2020,1
119830000.0,72.0,11,2014,5
93460000.0,59.6,10,2017,5
60520000.0,59.8,13,2019,2
97350000.0,86.8,3,2013,2
88750000.0,83.8,7,2014,2
100670000.0,70.6,14,1991,5
168940000.0,92.9,15,2013,3
86890000.0,55.0,1,1986,3
120720000.0,91.2,8,2014,1
132190000.0,71.8,5,2011,3
222260000.0,120.9,3,2015,3
49120000.0,40.5,1,2010,1
71540000.0,49.6,9,1999,4
101580000.0,69.5,11,1999,5
121470000.0,69.2,9,2008,3
111930000.0,97.1,6,2003,2
84410000.0,50.0,13,1998,3
84060000.0,78.3,11,2004,2
125990000.0,82.9,15,2006,5
90100000.0,74.7,6,1994,1
71020000.0,44.7,4,2010,4
110690000.0,87.3,8,1997,0
123880000.0,84.1,9,1995,5
109660000.0,72.8,8,2001,4
97930000.0,65.7,14,1989,5
72440000.0,66.1,1,2009,2
109990000.0,60.6,9,2014,3
102190000.0,73.5,7,2023,1
84640000.0,62.6,4,1996,4
46720000.0,46.7,11,2006,2
55300000.0,43.1,13,2005,0
46730000.0,48.5,9,2014,2
74510000.0,66.0,2,2009,2
76240000.0,61.5,2,2017,1
103050000.0,65.9,7,2019,4
78580000.0,71.0,11,1989,1
60200000.0,50.7,6,1999,1
94990000.0,88.4,5,2011,2
60470000.0,57.2,14,2006,2
65730000.0,54.2,1,2004,1
82440000.0,70.7,2,1991,0
42050000.0,28.9,3,2007,5
65630000.0,47.8,16,2014,1
67190000.0,79.7,8,1986,2
32120000.0,30.7,3,2008,2
135890000.0,82.1,5,2021,5
117800000.0,89.2,16,2007,0
99610000.0,55.3,12,2023,3
81900000.0,67.3,4,1999,0
127050000.0,82.1,4,1985,3
63010000.0,53.6,2,2012,2
90180000.0,77.6,13,1993,1
61260000.0,49.9,3,1985,4
50520000.0,53.4,5,1992,2
80470000.0,47.6,6,2022,4
102170000.0,68.2,10,2016,4
,82.8,10,1996,0
88310000.0,58.7,13,2008,4
56620000.0,39.1,5,1998,5
69350000.0,42.5,7,1992,4
111120000.0,69.1,7,2024,4
108810000.0,95.2,1,2017,2
96000000.0,69.1,12,1999,4
67250000.0,55.0,9,1999,1
107390000.0,75.8,8,2017,0
57940000.0,57.7,16,2003,2
65510000.0,55.2,3,2000,1
52450000.0,44.7,16,2000,0
128340000.0,87.4,11,2002,5
36350000.0,25.0,4,2005,0
81750000.0,76.4,11,1986,1
46760000.0,53.7,13,2004,2
90090000.0,54.6,6,2002,5
89250000.0,92.5,6,1995,2
81650000.0,49.1,14,1999,3
58030000.0,49.8,3,2001,2
88740000.0,59.7,1,1999,5
91540000.0,69.4,11,2021,1
52430000.0,54.0,15,2006,2
36870000.0,33.7,9,2005,0
64380000.0,46.4,3,1995,4
144260000.0,85.1,9,2021,5
99500000.0,63.3,5,1985,3
107580000.0,70.1,14,2007,5
56060000.0,57.3,10,1991,2
48400000.0,50.1,6,2015,2
134750000.0,92.2,10,2000,4
59550000.0,58.6,11,1996,2
92740000.0,54.0,11,1987,3
0.0,81.7,6,2016,0
57650000.0,49.0,10,2000,0
757980000.0,51.3,1,1995,3
114370000.0,62.2,7,2018,3
97990000.0,62.0,7,1985,3
69800000.0,66.7,9,2003,2
155320000.0,99.7,16,1991,3
86220000.0,68.1,16,1990,4
39860000.0,25.0,8,1985,3
99100000.0,67.9,11,1992,4
119270000.0,62.7,2,2022,3
78860000.0,62.8,8,2002,1
93570000.0,66.4,12,2024,1
76040000.0,61.5,11,1995,0
75510000.0,61.1,16,2015,1
103330000.0,73.0,8,1988,5
66300000.0,52.2,15,1989,0
53750000.0,44.9,16,1985,0
221650000.0,116.4,10,2020,3
73210000.0,49.1,2,2011,4
69820000.0,63.8,7,2014,2
39970000.0,35.1,13,2022,2
95150000.0,64.1,10,1998,5
62350000.0,45.2,15,2013,1
56690000.0,54.0,14,2005,1
120440000.0,80.8,2,2006,4
88720000.0,70.5,14,2011,1
69950000.0,72.2,6,2003,2
42490000.0,30.1,14,1985,4
125140000.0,95.1,9,1988,4
41350000.0,40.5,8,2005,2
123910000.0,89.5,2,2007,0
128870000.0,80.4,2,2014,4
129540000.0,72.4,10,2007,3
68530000.0,46.6,10,1992,5
96130000.0,64.7,9,1999,5
63590000.0,53.5,3,2002,2
683460000.0,62.5,9,2024,2
58060000.0,57.5,1,2006,2
26190000.0,25.3,3,2010,1
129890000.0,82.2,8,2014,4
90280000.0,60.5,10,1999,5
65790000.0,53.3,11,2023,1
94860000.0,51.9,16,2011,3
88580000.0,68.5,14,2018,1
52940000.0,45.9,7,2014,2
33010000.0,25.0,13,2009,1
73730000.0,69.3,2,1986,1
109840000.0,71.3,14,2008,4
63720000.0,58.4,7,1990,1
63470000.0,41.3,13,2009,5
113200000.0,63.6,16,2013,3
42320000.0,35.6,12,2006,2
0.0,43.5,15,1997,4
73220000.0,48.5,1,1987,5
130290000.0,77.2,3,2011,5
86040000.0,55.5,11,2012,5
57370000.0,53.9,9,2004,0
154320000.0,97.2,2,2013,4
110420000.0,68.3,12,2016,5
84250000.0,68.1,1,2005,0
50110000.0,55.3,16,1986,2
83580000.0,51.3,3,2019,5
43410000.0,25.0,8,2003,5
87190000.0,79.4,14,2011,2
122770000.0,70.1,9,2021,5
62080000.0,58.8,12,1999,2
73130000.0,59.5,12,2009,1
115340000.0,75.3,16,1985,3
47190000.0,34.0,8,2020,1
60110000.0,51.4,16,1987,1
76530000.0,41.5,9,2006,3
133570000.0,93.9,15,1999,4
122210000.0,77.8,12,1986,3
45340000.0,25.0,3,2003,3
57150000.0,34.8,11,2022,5
53690000.0,59.6,15,1991,2
50560000.0,53.5,3,1996,2
60830000.0,38.2,14,1992,3
134010000.0,97.0,2,1989,4
86970000.0,67.6,14,1994,0
81760000.0,70.5,13,2007,1
78630000.0,49.5,3,2016,5
133870000.0,75.0,12,2012,3
89320000.0,55.2,2,2015,4
89600000.0,56.9,10,2013,5
103510000.0,73.0,15,2000,4
46940000.0,32.7,4,2021,4
131610000.0,90.7,3,1991,5
99700000.0,65.3,7,2012,4
97600000.0,85.1,6,1989,0
53880000.0,42.6,1,2015,1
76260000.0,45.4,8,1988,3
45510000.0,41.1,5,1993,0
92490000.0,66.5,2,2000,4
89460000.0,63.2,5,2012,0
62310000.0,53.6,1,1986,0
46360000.0,43.7,15,1995,2
57490000.0,39.2,16,1998,4
82350000.0,61.1,6,2014,0
60680000.0,53.6,15,2023,2
68710000.0,49.7,8,2009,0
137660000.0,89.8,15,2005,4
79340000.0,60.5,3,1998,0
105820000.0,84.9,5,2017,1
79270000.0,52.4,12,1989,5
104750000.0,66.4,4,1990,3
85200000.0,61.0,14,1993,5
45250000.0,31.4,7,1995,5
109480000.0,87.7,7,2003,1
102670000.0,59.6,8,2022,5
81170000.0,75.4,13,2011,2
85420000.0,48.5,1,2000,3
82330000.0,59.0,13,1993,4
48030000.0,46.4,13,2010,2
94680000.0,84.2,14,1995,1
131150000.0,67.6,16,2024,3
105130000.0,68.6,13,2004,5
146340000.0,86.4,9,2007,3
98330000.0,82.8,8,2021,2
0.0,75.8,7,1997,3
44400000.0,36.4,14,2003,2
55280000.0,49.5,7,2006,1
52790000.0,43.9,10,1995,0
102080000.0,75.1,2,1987,5
87880000.0,65.1,6,1996,4
48160000.0,37.0,5,1989,4
85390000.0,58.6,7,2012,0
49010000.0,35.1,9,1985,5
87070000.0,61.0,12,1997,5
35250000.0,32.2,7,2020,1
104810000.0,71.5,3,2007,5
72850000.0,68.8,9,2011,2
119090000.0,96.3,1,2011,1
127030000.0,77.3,14,1996,3
88040000.0,54.4,13,2010,3
75430000.0,76.7,4,1993,2
60080000.0,36.8,5,2010,4
87130000.0,44.7,1,2012,3
87040000.0,68.0,6,2020,0
30010000.0,25.0,1,2021,1
67080000.0,61.3,15,1985,0
54030000.0,43.6,3,1996,0
77740000.0,63.8,11,2006,0
69750000.0,42.6,10,1997,5
91740000.0,69.6,4,2009,0
85770000.0,62.3,13,2019,0
93530000.0,87.2,2,1995,2
116590000.0,62.1,15,2020,3
92150000.0,48.2,12,2020,3
93650000.0,57.6,11,2021,5
45110000.0,37.8,15,1987,4
67220000.0,69.3,7,1996,2
94240000.0,72.6,5,1989,0
152890000.0,106.4,3,1989,5
69090000.0,50.8,15,1987,4
93960000.0,57.2,7,2002,3
85200000.0,51.6,14,1988,3
91370000.0,65.8,6,1996,5
